Position,Const,Created,Modified,Description,Title,URL,Title Type,IMDb Rating,Runtime (mins),Year,Genres,Num Votes,Release Date,Directors
1,tt0108052,2012-03-15,2012-03-15,,Schindler's List,http://www.imdb.com/title/tt0108052/,movie,8.9,195,1993,"Biography, Drama, History",973587,1993-11-30,Steven Spielberg
2,tt1270262,2012-03-15,2012-03-15,,The Devil's Double,http://www.imdb.com/title/tt1270262/,movie,7.1,109,2011,"Biography, Drama, Thriller",56430,2011-01-22,Lee Tamahori
3,tt0080678,2012-03-15,2012-03-15,,The Elephant Man,http://www.imdb.com/title/tt0080678/,movie,8.2,124,1980,"Biography, Drama",181129,1980-10-02,David Lynch
4,tt1718199,2012-03-15,2012-03-15,,Wu xia,http://www.imdb.com/title/tt1718199/,movie,7.1,115,2011,"Action, Crime, Drama, Thriller",12124,2011-05-13,Peter Ho-Sun Chan
5,tt0454921,2012-03-15,2012-03-15,,The Pursuit of Happyness,http://www.imdb.com/title/tt0454921/,movie,8.0,117,2006,"Biography, Drama",375243,2006-12-15,Gabriele Muccino
6,tt0986233,2012-03-15,2012-03-15,,Hunger,http://www.imdb.com/title/tt0986233/,movie,7.6,96,2008,"Biography, Drama",56983,2008-05-15,Steve McQueen
7,tt1313104,2012-03-15,2012-03-15,,The Cove,http://www.imdb.com/title/tt1313104/,movie,8.5,92,2009,"Documentary, Crime",43101,2009-04-25,Louie Psihoyos
8,tt1190536,2012-03-15,2012-03-15,,Black Dynamite,http://www.imdb.com/title/tt1190536/,movie,7.4,84,2009,"Action, Comedy",38967,2009-01-18,Scott Sanders
9,tt0814314,2012-03-15,2012-03-15,,Seven Pounds,http://www.imdb.com/title/tt0814314/,movie,7.7,123,2008,"Drama, Romance",252939,2008-12-19,Gabriele Muccino
10,tt0083987,2012-03-15,2012-03-15,,Gandhi,http://www.imdb.com/title/tt0083987/,movie,8.1,191,1982,"Biography, Drama, History",189995,1982-11-30,Richard Attenborough
11,tt0451094,2012-03-15,2012-03-15,,Chinjeolhan geumjassi,http://www.imdb.com/title/tt0451094/,movie,7.6,115,2005,"Crime, Drama, Thriller",59565,2005-07-29,Chan-wook Park
12,tt1216496,2012-03-15,2012-03-15,,Madeo,http://www.imdb.com/title/tt1216496/,movie,7.8,129,2009,"Action, Crime, Drama, Mystery, Thriller",32593,2009-05-16,Joon-ho Bong
13,tt0327056,2012-03-28,2012-03-28,,Mystic River,http://www.imdb.com/title/tt0327056/,movie,8.0,138,2003,"Crime, Drama, Mystery, Thriller",365563,2003-05-23,Clint Eastwood
14,tt0083869,2012-09-22,2012-09-22,,Eating Raoul,http://www.imdb.com/title/tt0083869/,movie,6.8,90,1982,"Comedy, Crime",5659,1982-03-24,Paul Bartel
15,tt0040746,2012-09-23,2012-09-23,,Rope,http://www.imdb.com/title/tt0040746/,movie,8.0,80,1948,"Crime, Drama, Mystery, Thriller",105860,1948-08-26,Alfred Hitchcock
16,tt0367110,2013-01-26,2013-01-26,,"Swades: We, the People",http://www.imdb.com/title/tt0367110/,movie,8.3,210,2004,Drama,67281,2004-12-17,Ashutosh Gowariker
17,tt1230165,2013-01-26,2013-01-26,,Rock On!!,http://www.imdb.com/title/tt1230165/,movie,7.8,145,2008,"Drama, Music",17493,2008-08-29,Abhishek Kapoor
18,tt0061065,2015-06-14,2015-06-14,,Tanin no kao,http://www.imdb.com/title/tt0061065/,movie,8.0,122,1966,"Drama, Sci-Fi",5218,1966-07-15,Hiroshi Teshigahara
19,tt0056058,2015-06-14,2015-06-14,,Seppuku,http://www.imdb.com/title/tt0056058/,movie,8.7,133,1962,"Action, Drama, History",21710,1962-09-16,Masaki Kobayashi
20,tt0054407,2015-06-14,2015-06-14,,Le trou,http://www.imdb.com/title/tt0054407/,movie,8.5,132,1960,"Crime, Drama, Thriller",11045,1960-03-18,Jacques Becker
21,tt0070904,2015-06-14,2015-06-14,,Welt am Draht,http://www.imdb.com/title/tt0070904/,tvMiniSeries,7.9,212,1973,"Crime, Mystery, Sci-Fi",4086,1973-10-14,
22,tt0093191,2015-06-14,2015-06-14,,Der Himmel über Berlin,http://www.imdb.com/title/tt0093191/,movie,8.1,128,1987,"Drama, Fantasy, Romance",52343,1987-05-17,Wim Wenders
23,tt0283509,2015-06-14,2015-06-14,,No Man's Land,http://www.imdb.com/title/tt0283509/,movie,8.0,98,2001,"Drama, War",40002,2001-05-12,Danis Tanovic
24,tt0047445,2015-06-14,2015-06-14,,Sanshô dayû,http://www.imdb.com/title/tt0047445/,movie,8.4,124,1954,Drama,11386,1954-03-31,Kenji Mizoguchi
25,tt0119038,2015-06-14,2015-06-14,,Le dîner de cons,http://www.imdb.com/title/tt0119038/,movie,7.7,80,1998,Comedy,32174,1998-04-15,Francis Veber
26,tt0369702,2015-06-14,2015-06-14,,Mar adentro,http://www.imdb.com/title/tt0369702/,movie,8.0,125,2004,"Biography, Drama, Romance",69150,2004-09-02,Alejandro Amenábar
27,tt1069238,2015-06-14,2015-06-14,,Okuribito,http://www.imdb.com/title/tt1069238/,movie,8.1,130,2008,"Drama, Music",41879,2008-08-23,Yôjirô Takita
28,tt2278871,2015-06-14,2015-06-14,,La vie d'Adèle,http://www.imdb.com/title/tt2278871/,movie,7.8,180,2013,"Drama, Romance",109724,2013-05-23,Abdellatif Kechiche
29,tt0058279,2015-06-14,2015-06-14,,Kaidan,http://www.imdb.com/title/tt0058279/,movie,8.0,183,1964,"Drama, Fantasy, Horror",11474,1964-12-29,Masaki Kobayashi
30,tt0386741,2015-06-14,2015-06-14,,Renaissance,http://www.imdb.com/title/tt0386741/,movie,6.7,105,2006,"Animation, Action, Sci-Fi, Thriller",14780,2006-03-15,Christian Volckman
31,tt0291350,2015-06-14,2015-06-14,,Sennen joyû,http://www.imdb.com/title/tt0291350/,movie,7.9,87,2001,"Animation, Drama, Fantasy, Romance",17297,2001-07-28,Satoshi Kon
32,tt0110882,2015-06-14,2015-06-14,,Before the Rain,http://www.imdb.com/title/tt0110882/,movie,8.1,113,1994,"Drama, War",12130,1994-09-01,Milcho Manchevski
33,tt0050976,2015-06-14,2015-06-14,,Det sjunde inseglet,http://www.imdb.com/title/tt0050976/,movie,8.2,96,1957,"Drama, Fantasy",126088,1957-02-16,Ingmar Bergman
34,tt0166924,2015-06-14,2015-06-14,,Mulholland Dr.,http://www.imdb.com/title/tt0166924/,movie,8.0,147,2001,"Drama, Mystery, Thriller",267905,2001-05-16,David Lynch
35,tt1821549,2015-06-14,2015-06-14,,Nebraska,http://www.imdb.com/title/tt1821549/,movie,7.7,115,2013,"Adventure, Comedy, Drama",99028,2013-05-23,Alexander Payne
36,tt0070666,2015-06-14,2015-06-14,,Serpico,http://www.imdb.com/title/tt0070666/,movie,7.8,130,1973,"Biography, Crime, Drama, Thriller",88694,1973-12-05,Sidney Lumet
37,tt0050613,2015-06-14,2015-06-14,,Kumonosu-jô,http://www.imdb.com/title/tt0050613/,movie,8.1,110,1957,Drama,35736,1957-01-15,Akira Kurosawa
38,tt0948544,2015-06-14,2015-06-14,,DeUsynlige,http://www.imdb.com/title/tt0948544/,movie,7.6,115,2008,"Drama, Music",5120,2008-09-26,Erik Poppe
39,tt1483831,2015-06-14,2015-06-14,,Lebanon,http://www.imdb.com/title/tt1483831/,movie,6.9,93,2009,"Drama, War",10023,2009-09-08,Samuel Maoz
40,tt0089881,2015-06-14,2015-06-14,,Ran,http://www.imdb.com/title/tt0089881/,movie,8.2,162,1985,"Action, Drama",87105,1985-05-25,Akira Kurosawa
41,tt0497137,2015-06-14,2015-06-14,,Ssa-i-bo-geu-ji-man-gwen-chan-a,http://www.imdb.com/title/tt0497137/,movie,7.1,105,2006,"Comedy, Drama, Romance",19902,2006-12-07,Chan-wook Park
42,tt0048473,2015-06-14,2015-06-14,,Pather Panchali,http://www.imdb.com/title/tt0048473/,movie,8.4,125,1955,Drama,16510,1955-08-26,Satyajit Ray
43,tt0051808,2015-06-14,2015-06-14,,Kakushi-toride no san-akunin,http://www.imdb.com/title/tt0051808/,movie,8.1,139,1958,"Adventure, Drama",26716,1958-12-28,Akira Kurosawa
44,tt0058888,2015-06-14,2015-06-14,,Akahige,http://www.imdb.com/title/tt0058888/,movie,8.3,185,1965,Drama,12686,1965-04-03,Akira Kurosawa
45,tt0072271,2015-06-14,2015-06-14,,The Texas Chain Saw Massacre,http://www.imdb.com/title/tt0072271/,movie,7.5,83,1974,Horror,109770,1974-10-01,Tobe Hooper
46,tt0118843,2015-06-14,2015-06-14,,"Crna macka, beli macor",http://www.imdb.com/title/tt0118843/,movie,8.1,127,1998,"Comedy, Crime, Romance",44176,1998-06-01,Emir Kusturica
47,tt1204340,2015-06-14,2015-06-14,,Tyrannosaur,http://www.imdb.com/title/tt1204340/,movie,7.6,92,2011,Drama,26395,2011-01-21,Paddy Considine
48,tt1847746,2015-06-14,2015-06-14,,Wakolda,http://www.imdb.com/title/tt1847746/,movie,6.8,93,2013,"Drama, History, Thriller",4929,2013-05-21,Lucía Puenzo
49,tt0318725,2015-06-14,2015-06-14,,Stupeur et tremblements,http://www.imdb.com/title/tt0318725/,movie,7.1,107,2003,"Comedy, Drama",3804,2003-03-12,Alain Corneau
50,tt0395169,2015-06-14,2015-06-14,,Hotel Rwanda,http://www.imdb.com/title/tt0395169/,movie,8.1,121,2004,"Biography, Drama, History, War",290192,2004-09-11,Terry George
51,tt0074811,2015-06-14,2015-06-14,,Le locataire,http://www.imdb.com/title/tt0074811/,movie,7.8,126,1976,"Drama, Thriller",30982,1976-05-24,Roman Polanski
52,tt0119167,2015-06-14,2015-06-14,,Funny Games,http://www.imdb.com/title/tt0119167/,movie,7.6,108,1997,"Crime, Drama, Thriller",50260,1997-05-14,Michael Haneke
53,tt2358592,2015-06-14,2015-06-14,,Lucia,http://www.imdb.com/title/tt2358592/,movie,8.4,135,2013,"Drama, Romance, Sci-Fi, Thriller",9535,2013-07-20,Pawan Kumar
54,tt3355014,2015-06-14,2015-06-14,,The Zohar Secret,http://www.imdb.com/title/tt3355014/,movie,6.8,124,2016,"Comedy, Drama, Sci-Fi",2318,2016-02-05,Vladek Zankovsky
55,tt3237826,2015-06-14,2015-06-14,,Medusa,http://www.imdb.com/title/tt3237826/,movie,6.8,109,2015,"Horror, Sci-Fi, Thriller",78,2015-10-02,Jorge Ameer
56,tt0887912,2015-06-14,2015-06-14,,The Hurt Locker,http://www.imdb.com/title/tt0887912/,movie,7.6,131,2008,"Drama, History, Thriller, War",364026,2008-09-04,Kathryn Bigelow
57,tt1655442,2015-06-14,2015-06-14,,The Artist,http://www.imdb.com/title/tt1655442/,movie,7.9,100,2011,"Comedy, Drama, Romance",204966,2011-05-15,Michel Hazanavicius
58,tt0072730,2015-06-14,2015-06-14,,A Boy and His Dog,http://www.imdb.com/title/tt0072730/,movie,6.6,91,1975,"Comedy, Drama, Sci-Fi, Thriller",14032,1975-03-01,L.Q. Jones
59,tt0245712,2015-06-14,2015-06-14,,Amores perros,http://www.imdb.com/title/tt0245712/,movie,8.1,154,2000,"Drama, Thriller",190454,2000-05-14,Alejandro G. Iñárritu
60,tt2645188,2015-06-14,2015-06-14,,The Quiet Hour,http://www.imdb.com/title/tt2645188/,movie,4.7,85,2014,"Drama, Sci-Fi, Thriller",805,2014-07-12,Stéphanie Joalland
61,tt3528756,2015-06-14,2015-06-14,,El incidente,http://www.imdb.com/title/tt3528756/,movie,6.4,100,2014,"Sci-Fi, Thriller",1310,2014-05-17,Isaac Ezban
62,tt1613750,2015-06-15,2015-06-15,,Kon-Tiki,http://www.imdb.com/title/tt1613750/,movie,7.2,118,2012,"Adventure, History",38525,2012-08-18,"Espen Sandberg, Joachim Rønning"
63,tt0120265,2015-06-15,2015-06-15,,Ta'm e guilass,http://www.imdb.com/title/tt0120265/,movie,7.7,95,1997,Drama,16947,1997-05-16,Abbas Kiarostami
64,tt0971162,2015-06-15,2015-06-15,,Cú và chim se se,http://www.imdb.com/title/tt0971162/,movie,7.5,97,2007,Drama,827,2007-02-01,Stephane Gauger
65,tt2392447,2015-06-15,2015-06-15,,Ungli,http://www.imdb.com/title/tt2392447/,movie,5.8,114,2014,"Crime, Drama, Thriller",2902,2014-11-27,Renzil D'Silva
66,tt0059578,2015-06-20,2015-06-20,,Per qualche dollaro in più,http://www.imdb.com/title/tt0059578/,movie,8.3,132,1965,Western,180294,1965-12-18,Sergio Leone
67,tt3551042,2015-06-20,2015-06-20,,Magi,http://www.imdb.com/title/tt3551042/,movie,6.0,132,2016,Horror,1571,2016-04-29,Hasan Karacadag
68,tt3036548,2015-06-20,2015-06-20,,Reminiscence,http://www.imdb.com/title/tt3036548/,movie,5.5,100,2014,"Horror, Romance, Thriller",1255,2014-06-01,Akçay Karaazmak
69,tt0454457,2015-06-20,2015-06-20,,Frostbiten,http://www.imdb.com/title/tt0454457/,movie,5.5,98,2006,"Horror, Comedy",3659,2006-02-24,Anders Banke
70,tt0403358,2015-06-20,2015-06-20,,Nochnoy dozor,http://www.imdb.com/title/tt0403358/,movie,6.5,114,2004,"Action, Fantasy, Thriller",49089,2004-06-27,Timur Bekmambetov
71,tt1588895,2015-06-20,2015-06-20,,Loong Boonmee raleuk chat,http://www.imdb.com/title/tt1588895/,movie,6.6,114,2010,"Comedy, Drama, Fantasy",10518,2010-05-21,Apichatpong Weerasethakul
72,tt2486682,2015-06-20,2015-06-20,,Al midan,http://www.imdb.com/title/tt2486682/,movie,8.1,108,2013,"Documentary, Drama, History, News",7480,2013-01-18,Jehane Noujaim
73,tt0080979,2015-06-20,2015-06-20,,Kagemusha,http://www.imdb.com/title/tt0080979/,movie,8.0,180,1980,"Drama, History, War",26051,1980-04-26,Akira Kurosawa
74,tt0245574,2015-06-20,2015-06-20,,Y tu mamá también,http://www.imdb.com/title/tt0245574/,movie,7.7,106,2001,"Adventure, Comedy, Drama, Romance",98680,2001-06-08,Alfonso Cuarón
75,tt0065571,2015-06-20,2015-06-20,,Il conformista,http://www.imdb.com/title/tt0065571/,movie,8.1,113,1970,Drama,20474,1970-07-01,Bernardo Bertolucci
76,tt2274570,2015-06-20,2015-06-20,,Bad Milo!,http://www.imdb.com/title/tt2274570/,movie,5.7,85,2013,"Comedy, Horror",5981,2013-03-10,Jacob Vaughan
77,tt0830581,2015-06-20,2015-06-20,,Koara kachô,http://www.imdb.com/title/tt0830581/,movie,6.0,85,2005,"Comedy, Crime, Drama, Horror, Mystery, Thriller",526,2005-10-28,Minoru Kawasaki
78,tt0351817,2015-06-20,2015-06-20,,Tasogare Seibei,http://www.imdb.com/title/tt0351817/,movie,8.1,129,2002,"Drama, History",19335,2002-11-02,Yôji Yamada
79,tt1386925,2015-06-20,2015-06-20,,The Dead,http://www.imdb.com/title/tt1386925/,movie,5.8,105,2010,Horror,8036,2010-08-30,"Jonathan Ford, Howard J. Ford"
80,tt0387131,2015-06-20,2015-06-20,,The Constant Gardener,http://www.imdb.com/title/tt0387131/,movie,7.5,129,2005,"Drama, Mystery, Romance, Thriller",118795,2005-07-31,Fernando Meirelles
81,tt2375559,2015-06-20,2015-06-20,,1 - Nenokkadine,http://www.imdb.com/title/tt2375559/,movie,8.4,170,2014,"Action, Musical, Mystery, Thriller",38281,2014-01-10,Sukumar
82,tt2980794,2015-06-20,2015-06-20,,Highway,http://www.imdb.com/title/tt2980794/,movie,7.6,133,2014,"Adventure, Drama, Romance",20616,2014-02-13,Imtiaz Ali
83,tt3175038,2015-06-20,2015-06-20,,Ek Villain,http://www.imdb.com/title/tt3175038/,movie,6.4,129,2014,"Action, Crime, Drama, Romance, Thriller",13210,2014-06-27,Mohit Suri
84,tt1128075,2015-06-20,2015-06-20,,Ai no mukidashi,http://www.imdb.com/title/tt1128075/,movie,8.1,237,2008,"Action, Comedy, Drama, Romance",8768,2008-11-29,Sion Sono
85,tt0120889,2015-06-20,2015-06-20,,What Dreams May Come,http://www.imdb.com/title/tt0120889/,movie,7.0,113,1998,"Drama, Fantasy, Romance",89652,1998-09-28,Vincent Ward
86,tt1770650,2015-06-20,2015-06-20,,BKO: Bangkok Knockout,http://www.imdb.com/title/tt1770650/,movie,5.5,106,2010,Action,1324,2010-12-16,Panna Rittikrai
87,tt2344678,2015-06-20,2015-06-20,,Himmatwala,http://www.imdb.com/title/tt2344678/,movie,1.7,150,2013,Action,6791,2013-03-28,Sajid Khan
88,tt0120731,2015-06-20,2015-06-20,,La leggenda del pianista sull'oceano,http://www.imdb.com/title/tt0120731/,movie,8.1,165,1998,"Drama, Music, Romance",45861,1998-10-28,Giuseppe Tornatore
89,tt0113247,2015-06-20,2015-06-20,,La haine,http://www.imdb.com/title/tt0113247/,movie,8.1,98,1995,"Crime, Drama",117613,1995-05-27,Mathieu Kassovitz
90,tt0914798,2015-06-20,2015-06-20,,The Boy in the Striped Pyjamas,http://www.imdb.com/title/tt0914798/,movie,7.8,94,2008,"Drama, War",152409,2008-08-28,Mark Herman
91,tt0844708,2015-06-20,2015-06-20,,The Last House on the Left,http://www.imdb.com/title/tt0844708/,movie,6.6,110,2009,"Horror, Thriller",73986,2009-03-13,Dennis Iliadis
92,tt2084989,2015-06-20,2015-06-20,,Upstream Color,http://www.imdb.com/title/tt2084989/,movie,6.7,96,2013,"Drama, Sci-Fi",26247,2013-01-21,Shane Carruth
93,tt0441641,2015-06-21,2015-06-21,,Janji Joni,http://www.imdb.com/title/tt0441641/,movie,7.6,83,2005,"Adventure, Comedy, Romance",1012,2005-04-27,Joko Anwar
94,tt3524530,2015-06-21,2015-06-21,,Comic 8,http://www.imdb.com/title/tt3524530/,movie,7.2,,2014,Comedy,729,2014-01-29,Anggy Umbara
95,tt0069214,2015-06-21,2015-06-21,,Sambizanga,http://www.imdb.com/title/tt0069214/,movie,7.0,102,1972,Drama,109,1972-01-01,Sarah Maldoror
96,tt0104467,2015-06-21,2015-06-21,,Hyènes,http://www.imdb.com/title/tt0104467/,movie,7.5,110,1992,"Comedy, Drama",586,1992-09-18,Djibril Diop Mambéty
97,tt0104373,2015-06-21,2015-06-21,,Guelwaar,http://www.imdb.com/title/tt0104373/,movie,7.3,115,1992,Drama,232,1992-09-02,Ousmane Sembene
98,tt0110252,2015-06-21,2015-06-21,,Keita! L'héritage du griot,http://www.imdb.com/title/tt0110252/,movie,6.5,94,1996,"Drama, Fantasy",118,1996-04-12,Dani Kouyaté
99,tt0119396,2015-06-21,2015-06-21,,Jackie Brown,http://www.imdb.com/title/tt0119396/,movie,7.5,154,1997,"Crime, Drama, Thriller",261235,1997-12-08,Quentin Tarantino
100,tt1305806,2015-06-21,2015-06-21,,El secreto de sus ojos,http://www.imdb.com/title/tt1305806/,movie,8.2,129,2009,"Drama, Mystery, Romance, Thriller",152774,2009-08-13,Juan José Campanella
101,tt0022100,2015-06-21,2015-06-21,,M,http://www.imdb.com/title/tt0022100/,movie,8.4,117,1931,"Crime, Drama, Mystery, Thriller",112013,1931-05-11,Fritz Lang
102,tt2708550,2015-06-22,2015-06-22,,Jal,http://www.imdb.com/title/tt2708550/,movie,6.7,126,2013,Drama,383,2013-10-06,Girish Malik
103,tt0056443,2015-06-27,2015-06-27,,Tsubaki Sanjûrô,http://www.imdb.com/title/tt0056443/,movie,8.2,96,1962,"Action, Crime, Drama, Thriller",23047,1962-01-01,Akira Kurosawa
104,tt2678366,2015-06-27,2015-06-27,,Hit the Road: India,http://www.imdb.com/title/tt2678366/,movie,6.7,80,2013,"Documentary, Sport",100,2013-07-12,"Mushegh Baghdasaryan, Gor Baghdasaryan"
105,tt1104836,2015-06-27,2015-06-27,,Feast III: The Happy Finish,http://www.imdb.com/title/tt1104836/,video,5.0,80,2009,"Action, Comedy, Horror, Thriller",4651,2009-02-17,John Gulager
106,tt1784575,2015-06-28,2015-06-28,,Parada,http://www.imdb.com/title/tt1784575/,movie,7.3,115,2011,"Comedy, Drama",10057,2011-10-31,Srdjan Dragojevic
107,tt1292575,2015-06-28,2015-06-28,,See prang,http://www.imdb.com/title/tt1292575/,movie,6.7,120,2008,"Drama, Horror, Mystery, Thriller",2384,2008-04-25,"Paween Purikitpanya, Yongyoot Thongkongtoon, Banjong Pisanthanakun, Parkpoom Wongpoom"
108,tt2267998,2015-06-29,2015-06-29,,Gone Girl,http://www.imdb.com/title/tt2267998/,movie,8.1,149,2014,"Crime, Drama, Mystery, Thriller",675286,2014-09-26,David Fincher
109,tt0154420,2015-06-29,2015-06-29,,Festen,http://www.imdb.com/title/tt0154420/,movie,8.1,105,1998,Drama,70032,1998-05-01,Thomas Vinterberg
110,tt0205873,2015-06-30,2015-06-30,,The Dish,http://www.imdb.com/title/tt0205873/,movie,7.2,101,2000,"Comedy, Drama, History",13548,2000-09-15,Rob Sitch
111,tt0366780,2015-06-30,2015-06-30,,Mirrormask,http://www.imdb.com/title/tt0366780/,movie,6.9,101,2005,"Adventure, Fantasy",21067,2005-01-25,Dave McKean
112,tt0929632,2015-07-01,2015-07-01,,Precious,http://www.imdb.com/title/tt0929632/,movie,7.3,110,2009,Drama,94510,2009-01-16,Lee Daniels
113,tt0295682,2015-07-01,2015-07-01,,The Warrior,http://www.imdb.com/title/tt0295682/,movie,6.8,86,2001,"Adventure, Drama",2255,2001-09-23,Asif Kapadia
114,tt0338564,2015-07-01,2015-07-01,,Mou gaan dou,http://www.imdb.com/title/tt0338564/,movie,8.1,101,2002,"Crime, Drama, Mystery, Thriller",101909,2002-12-12,"Alan Mak, Wai-Keung Lau"
115,tt1509276,2015-07-04,2015-07-04,,The Wildest Dream,http://www.imdb.com/title/tt1509276/,movie,7.3,94,2010,"Documentary, Adventure, Biography",1967,2010-01-09,Anthony Geffen
116,tt0090851,2015-07-04,2015-07-04,,The Climb,http://www.imdb.com/title/tt0090851/,movie,7.5,90,1986,Adventure,64,1986-07-14,Donald Shebib
117,tt3720788,2015-07-04,2015-07-04,,The Disappearance of Eleanor Rigby: Her,http://www.imdb.com/title/tt3720788/,movie,7.0,100,2013,Drama,6961,2013-09-09,Ned Benson
118,tt3729920,2015-07-04,2015-07-04,,The Disappearance of Eleanor Rigby: Them,http://www.imdb.com/title/tt3729920/,movie,6.3,123,2014,"Drama, Romance",9778,2014-05-17,Ned Benson
119,tt1531924,2015-07-04,2015-07-04,,The Disappearance of Eleanor Rigby: Him,http://www.imdb.com/title/tt1531924/,movie,6.9,89,2013,"Drama, Romance",7644,2013-09-09,Ned Benson
120,tt4158110,2015-07-04,2015-07-04,,Mr. Robot,http://www.imdb.com/title/tt4158110/,tvSeries,8.6,49,2015,"Crime, Drama, Thriller",244002,2015-03-17,
121,tt0062794,2015-07-05,2015-07-05,,Charly,http://www.imdb.com/title/tt0062794/,movie,7.1,103,1968,"Drama, Romance, Sci-Fi",5361,1968-06-01,Ralph Nelson
122,tt0984155,2015-07-06,2015-07-06,,Tres días,http://www.imdb.com/title/tt0984155/,movie,6.1,93,2008,"Crime, Drama, Sci-Fi, Thriller",1881,2008-02-10,F. Javier Gutiérrez
123,tt0089851,2015-07-11,2015-07-11,,Pulgasari,http://www.imdb.com/title/tt0089851/,movie,5.2,95,1985,"Action, Drama, Fantasy",682,1998-07-04,Sang-ok Shin
124,tt1149362,2015-07-11,2015-07-11,,Das weiße Band - Eine deutsche Kindergeschichte,http://www.imdb.com/title/tt1149362/,movie,7.8,144,2009,"Drama, History, Mystery, Thriller",58551,2009-05-21,Michael Haneke
125,tt0053318,2015-07-12,2015-07-12,,"Suddenly, Last Summer",http://www.imdb.com/title/tt0053318/,movie,7.6,114,1959,"Drama, Mystery, Thriller",11442,1959-12-22,Joseph L. Mankiewicz
126,tt0043014,2015-07-13,2015-07-13,,Sunset Blvd.,http://www.imdb.com/title/tt0043014/,movie,8.5,110,1950,"Drama, Film-Noir",157852,1950-08-10,Billy Wilder
127,tt0182789,2015-07-18,2015-07-18,,Bicentennial Man,http://www.imdb.com/title/tt0182789/,movie,6.8,132,1999,"Comedy, Drama, Sci-Fi",96035,1999-12-13,Chris Columbus
128,tt2106476,2015-07-18,2015-07-18,,Jagten,http://www.imdb.com/title/tt2106476/,movie,8.3,115,2012,Drama,206745,2012-05-20,Thomas Vinterberg
129,tt0098936,2015-07-20,2015-07-20,,Twin Peaks,http://www.imdb.com/title/tt0098936/,tvSeries,8.9,47,1990,"Crime, Drama, Mystery, Thriller",136511,1989-09-01,
130,tt0344510,2015-07-20,2015-07-20,,Un long dimanche de fiançailles,http://www.imdb.com/title/tt0344510/,movie,7.7,133,2004,"Drama, Mystery, Romance, War",65802,2004-10-27,Jean-Pierre Jeunet
131,tt1814888,2015-07-24,2015-07-24,,The Glass Man,http://www.imdb.com/title/tt1814888/,movie,6.3,108,2011,Thriller,230,2011-08-26,Cristian Solimeno
132,tt2042583,2015-07-24,2015-07-24,,La jaula de oro,http://www.imdb.com/title/tt2042583/,movie,7.7,108,2013,Drama,3684,2013-05-22,Diego Quemada-Díez
133,tt0454515,2015-07-24,2015-07-24,,The Noah,http://www.imdb.com/title/tt0454515/,movie,6.3,107,1975,"Drama, Fantasy, Sci-Fi",283,1975-04-10,Daniel Bourla
134,tt0395284,2015-07-25,2015-07-25,,Thunder in Paradise,http://www.imdb.com/title/tt0395284/,video,4.3,104,1993,Adventure,1019,1993-09-22,Douglas Schwartz
135,tt0475169,2015-07-25,2015-07-25,,13 Tzameti,http://www.imdb.com/title/tt0475169/,movie,7.4,93,2005,"Crime, Drama, Thriller",15545,2005-09-01,Géla Babluani
136,tt0058898,2015-07-25,2015-07-25,,"Alphaville, une étrange aventure de Lemmy Caution",http://www.imdb.com/title/tt0058898/,movie,7.2,99,1965,"Drama, Mystery, Sci-Fi, Thriller",18579,1965-05-05,Jean-Luc Godard
137,tt2758880,2015-07-29,2015-07-29,,Kis Uykusu,http://www.imdb.com/title/tt2758880/,movie,8.2,196,2014,Drama,30453,2014-05-16,Nuri Bilge Ceylan
138,tt0157044,2015-07-30,2015-07-30,,Sitcom,http://www.imdb.com/title/tt0157044/,movie,6.7,85,1998,"Comedy, Drama, Romance, Thriller",4021,1998-05-27,François Ozon
139,tt0096251,2015-07-31,2015-07-31,,Tetsuo,http://www.imdb.com/title/tt0096251/,movie,7.0,67,1989,"Horror, Sci-Fi",15644,1989-06-01,Shin'ya Tsukamoto
140,tt0105569,2015-07-31,2015-07-31,,Tetsuo II: Body Hammer,http://www.imdb.com/title/tt0105569/,movie,6.4,83,1992,"Horror, Sci-Fi",3301,1992-02-01,Shin'ya Tsukamoto
141,tt0115571,2015-07-31,2015-07-31,,The Arrival,http://www.imdb.com/title/tt0115571/,movie,6.3,115,1996,"Sci-Fi, Thriller",28039,1996-03-05,David Twohy
142,tt0032553,2015-08-04,2015-08-04,,The Great Dictator,http://www.imdb.com/title/tt0032553/,movie,8.5,125,1940,"Comedy, Drama, War",158347,1940-10-15,Charles Chaplin
143,tt1810683,2015-08-05,2015-08-05,,Little Boy,http://www.imdb.com/title/tt1810683/,movie,7.4,106,2015,"Drama, History, War",19543,2015-04-24,Alejandro Monteverde
144,tt0082431,2015-08-05,2015-08-05,,Galaxy of Terror,http://www.imdb.com/title/tt0082431/,movie,5.1,81,1981,"Action, Adventure, Horror, Sci-Fi",4713,1981-10-01,Bruce D. Clark
145,tt1555149,2015-08-07,2015-08-07,,Tropa de Elite 2: O Inimigo Agora é Outro,http://www.imdb.com/title/tt1555149/,movie,8.1,115,2010,"Action, Crime, Drama, Thriller",71365,2010-10-08,José Padilha
146,tt2796462,2015-08-07,2015-08-07,,Headless,http://www.imdb.com/title/tt2796462/,movie,5.9,71,2014,"Drama, Horror, Thriller",82,2014-08-22,Toby Lawrence
147,tt3496334,2015-08-07,2015-08-07,,VAN valami furcsa és megmagyarázhatatlan,http://www.imdb.com/title/tt3496334/,movie,7.6,96,2014,"Comedy, Drama",2843,2014-07-10,Gábor Reisz
148,tt3570168,2015-08-13,2015-08-13,,Dyke Hard,http://www.imdb.com/title/tt3570168/,movie,5.1,90,2014,"Action, Comedy, Horror, Musical, Sci-Fi",250,2014-11-08,Bitte Andersson
149,tt3914324,2015-08-13,2015-08-13,,Odödliga,http://www.imdb.com/title/tt3914324/,movie,6.3,106,2015,"Drama, Romance",488,2015-08-21,Andreas Öhman
150,tt0086837,2015-08-15,2015-08-15,,2010,http://www.imdb.com/title/tt0086837/,movie,6.8,116,1984,"Adventure, Mystery, Sci-Fi, Thriller",44208,1984-12-07,Peter Hyams
151,tt1233381,2015-08-16,2015-08-16,,Üç Maymun,http://www.imdb.com/title/tt1233381/,movie,7.4,109,2008,Drama,15698,2008-05-16,Nuri Bilge Ceylan
152,tt0095346,2015-08-22,2015-08-22,,Í skugga hrafnsins,http://www.imdb.com/title/tt0095346/,movie,6.4,124,1988,Drama,697,1988-10-23,Hrafn Gunnlaugsson
153,tt1232826,2015-08-24,2015-08-24,,De ofrivilliga,http://www.imdb.com/title/tt1232826/,movie,7.1,98,2008,Drama,3859,2008-05-19,Ruben Östlund
154,tt4893244,2015-08-24,2015-08-24,,Taikon,http://www.imdb.com/title/tt4893244/,movie,7.1,90,2015,Documentary,124,2015-09-28,"Gellert Tamas, Lawen Mohtadi"
155,tt0119535,2015-08-24,2015-08-24,,A Life Less Ordinary,http://www.imdb.com/title/tt0119535/,movie,6.4,103,1997,"Comedy, Crime, Fantasy, Romance",31662,1997-10-24,Danny Boyle
156,tt0207524,2015-08-24,2015-08-24,,How to Kill Your Neighbor's Dog,http://www.imdb.com/title/tt0207524/,movie,7.0,107,2000,"Comedy, Drama",3247,2000-09-16,Michael Kalesniko
157,tt0120112,2015-08-24,2015-08-24,,She's So Lovely,http://www.imdb.com/title/tt0120112/,movie,5.9,100,1997,"Drama, Romance",7380,1997-05-15,Nick Cassavetes
158,tt0314676,2015-08-24,2015-08-24,,The Singing Detective,http://www.imdb.com/title/tt0314676/,movie,5.6,109,2003,"Comedy, Crime, Musical, Mystery",7468,2003-01-17,Keith Gordon
159,tt0266971,2015-08-24,2015-08-24,,The Slaughter Rule,http://www.imdb.com/title/tt0266971/,movie,6.0,112,2002,"Drama, Sport",2115,2002-01-11,"Andrew J. Smith, Alex Smith"
160,tt0159097,2015-08-24,2015-08-24,,The Virgin Suicides,http://www.imdb.com/title/tt0159097/,movie,7.2,97,1999,"Drama, Romance",126538,1999-05-19,Sofia Coppola
161,tt0108442,2015-08-24,2015-08-24,,Undercover Blues,http://www.imdb.com/title/tt0108442/,movie,6.0,90,1993,"Comedy, Crime",6572,1993-09-10,Herbert Ross
162,tt1194263,2015-08-24,2015-08-24,,Get Low,http://www.imdb.com/title/tt1194263/,movie,7.1,103,2009,"Drama, Mystery",20124,2009-09-12,Aaron Schneider
163,tt3946300,2015-08-26,2015-08-26,,Bastard,http://www.imdb.com/title/tt3946300/,movie,4.6,82,2015,Horror,682,2015-10-18,"Powell Robinson, Patrick Robert Young"
164,tt0443527,2015-08-28,2015-08-28,,The Hamiltons,http://www.imdb.com/title/tt0443527/,movie,5.2,86,2006,"Drama, Horror, Thriller",7882,2006-11-19,"Phil Flores, Mitchell Altieri"
165,tt0089243,2015-08-30,2015-08-30,,Gymkata,http://www.imdb.com/title/tt0089243/,movie,4.2,90,1985,"Action, Drama",3170,1985-05-03,Robert Clouse
166,tt3539966,2015-09-05,2015-09-05,,Dishkiyaoon,http://www.imdb.com/title/tt3539966/,movie,5.3,119,2014,"Action, Thriller",836,2014-03-27,Sanamjit Singh Talwar
167,tt0238936,2015-09-06,2015-09-06,,Devdas,http://www.imdb.com/title/tt0238936/,movie,7.6,185,2002,"Drama, Musical, Romance",30590,2002-05-23,Sanjay Leela Bhansali
168,tt0103767,2015-09-06,2015-09-06,,Baraka,http://www.imdb.com/title/tt0103767/,movie,8.6,96,1992,Documentary,30785,1992-08-01,Ron Fricke
169,tt2457138,2015-09-07,2015-09-07,,Battledogs,http://www.imdb.com/title/tt2457138/,tvMovie,3.5,88,2013,"Action, Horror, Sci-Fi, Thriller",1235,2013-04-06,Alexander Yellen
170,tt3464902,2015-09-07,2015-09-07,,The Lobster,http://www.imdb.com/title/tt3464902/,movie,7.1,119,2015,"Comedy, Drama, Romance, Sci-Fi",139403,2015-05-15,Yorgos Lanthimos
171,tt3547740,2015-09-15,2015-09-15,,La famille Bélier,http://www.imdb.com/title/tt3547740/,movie,7.3,106,2014,"Comedy, Drama, Music",19430,2014-11-07,Eric Lartigau
172,tt0114928,2015-09-21,2015-09-21,,White Man's Burden,http://www.imdb.com/title/tt0114928/,movie,5.2,89,1995,"Drama, Thriller",4228,1995-10-05,Desmond Nakano
173,tt0046911,2015-09-23,2015-09-23,,Les diaboliques,http://www.imdb.com/title/tt0046911/,movie,8.1,117,1955,"Crime, Drama, Horror, Mystery, Thriller",48040,1955-01-29,Henri-Georges Clouzot
174,tt0309832,2015-09-23,2015-09-23,,Maléfique,http://www.imdb.com/title/tt0309832/,movie,6.4,90,2002,"Fantasy, Horror, Mystery",3349,2002-11-09,Eric Valette
175,tt3439114,2015-09-30,2015-09-30,,Apocalypse L.A.,http://www.imdb.com/title/tt3439114/,movie,3.5,82,2014,"Action, Horror, Sci-Fi",1240,2014-09-23,Turner Clay
176,tt1388371,2015-09-30,2015-09-30,,Ha-Trempist,http://www.imdb.com/title/tt1388371/,movie,5.1,95,1972,"Action, Comedy, Sci-Fi",497,1972-01-01,Amos Sefer
177,tt4294052,2015-09-30,2015-09-30,,Shingeki no kyojin endo obu za wârudo,http://www.imdb.com/title/tt4294052/,movie,4.8,87,2015,"Action, Drama, Fantasy, Horror, Sci-Fi",3168,2015-09-19,Shinji Higuchi
178,tt4312676,2015-10-01,2015-10-01,,Aambala,http://www.imdb.com/title/tt4312676/,movie,4.3,146,2015,"Action, Comedy",619,2015-01-15,Sundar C.
179,tt0331639,2015-10-04,2015-10-04,,Shakthi: The Power,http://www.imdb.com/title/tt0331639/,movie,6.1,170,2002,"Action, Drama",4000,2002-09-20,Krishna Vamshi
180,tt1279976,2015-10-05,2015-10-05,,Zakrytye prostranstva,http://www.imdb.com/title/tt1279976/,movie,6.7,95,2008,"Comedy, Drama",411,2008-08-14,Igor Lebedev
181,tt3529664,2015-10-08,2015-10-08,,Mountain Men,http://www.imdb.com/title/tt3529664/,movie,5.9,85,2014,"Comedy, Drama",1183,2014-12-03,Cameron Labine
182,tt0244316,2015-10-09,2015-10-09,,Yi yi,http://www.imdb.com/title/tt0244316/,movie,8.1,173,2000,"Drama, Romance",14935,2000-05-15,Edward Yang
183,tt0070948,2015-10-11,2015-10-11,,Zardoz,http://www.imdb.com/title/tt0070948/,movie,5.8,105,1974,"Fantasy, Sci-Fi",16333,1974-02-06,John Boorman
184,tt1661031,2015-10-11,2015-10-11,,Brindaavanam,http://www.imdb.com/title/tt1661031/,movie,7.2,169,2010,"Action, Comedy, Drama, Musical, Romance",2726,2010-10-14,Vamshi Paidipally
185,tt0287467,2015-10-21,2015-10-21,,Hable con ella,http://www.imdb.com/title/tt0287467/,movie,8.0,112,2002,"Drama, Mystery, Romance",92430,2002-03-15,Pedro Almodóvar
186,tt0386064,2015-10-24,2015-10-24,,Taegukgi hwinalrimyeo,http://www.imdb.com/title/tt0386064/,movie,8.1,140,2004,"Action, Drama, War",34010,2004-02-03,Je-kyu Kang
187,tt0130040,2015-10-25,2015-10-25,,The Jar,http://www.imdb.com/title/tt0130040/,movie,2.7,85,1984,Horror,178,,Bruce Toscano
188,tt0241073,2015-10-28,2015-10-28,,Yeogo goedam,http://www.imdb.com/title/tt0241073/,movie,6.2,105,1998,"Drama, Horror, Mystery, Thriller",2519,1998-05-30,Ki-hyeong Park
189,tt0440803,2015-10-28,2015-10-28,,Shutter,http://www.imdb.com/title/tt0440803/,movie,7.1,97,2004,"Horror, Mystery, Thriller",34728,2004-09-09,"Banjong Pisanthanakun, Parkpoom Wongpoom"
190,tt1407972,2015-10-28,2015-10-28,,Wai dor lei ah yut ho,http://www.imdb.com/title/tt1407972/,movie,6.7,96,2010,"Crime, Drama, Horror",4050,2010-04-23,Ho-Cheung Pang
191,tt0187636,2015-10-28,2015-10-28,,Farscape,http://www.imdb.com/title/tt0187636/,tvSeries,8.3,50,1999,"Adventure, Drama, Sci-Fi",28790,1999-03-19,
192,tt0383353,2015-10-29,2015-10-29,,Evil Aliens,http://www.imdb.com/title/tt0383353/,movie,5.4,93,2005,"Comedy, Horror, Sci-Fi",5248,2005-07-31,Jake West
193,tt2189290,2015-10-30,2015-10-30,,Overturn: Awakening of the Warrior,http://www.imdb.com/title/tt2189290/,movie,5.0,74,2012,"Action, Mystery, Sci-Fi",6,,Ivan Doan
194,tt4635372,2015-10-31,2015-10-31,,Masaan,http://www.imdb.com/title/tt4635372/,movie,8.1,109,2015,"Drama, Romance",14092,2015-05-19,Neeraj Ghaywan
195,tt0248126,2015-11-01,2015-11-01,,Kabhi Khushi Kabhie Gham...,http://www.imdb.com/title/tt0248126/,movie,7.5,210,2001,"Drama, Musical, Romance",35433,2001-12-14,Karan Johar
196,tt1620719,2015-11-03,2015-11-03,,Dabangg,http://www.imdb.com/title/tt1620719/,movie,6.3,126,2010,"Action, Comedy, Crime, Thriller",23031,2010-09-10,Abhinav Kashyap
197,tt2976864,2015-11-06,2015-11-06,,Ye Ying - Le promeneur d'oiseau,http://www.imdb.com/title/tt2976864/,movie,7.0,100,2013,"Drama, Family",418,2013-10-05,Philippe Muyl
198,tt0478024,2015-11-14,2015-11-14,,SPL: Sha po lang,http://www.imdb.com/title/tt0478024/,movie,7.1,93,2005,"Action, Crime, Thriller",9707,2005-09-16,Wilson Yip
199,tt0090756,2015-11-19,2015-11-19,,Blue Velvet,http://www.imdb.com/title/tt0090756/,movie,7.8,120,1986,"Drama, Mystery, Thriller",149139,1986-08-30,David Lynch
200,tt0058430,2015-11-20,2015-11-20,,Onibaba,http://www.imdb.com/title/tt0058430/,movie,8.0,103,1964,"Drama, Horror",12186,1964-11-21,Kaneto Shindô
201,tt4511452,2015-11-22,2015-11-22,,Malý pán,http://www.imdb.com/title/tt4511452/,movie,7.5,84,2015,"Comedy, Family, Fantasy",30,2015-04-27,Radek Beran
202,tt2368672,2015-11-22,2015-11-22,,Minuscule - La vallée des fourmis perdues,http://www.imdb.com/title/tt2368672/,movie,7.1,89,2013,"Animation, Adventure, Family",5537,2013-11-17,"Thomas Szabo, Hélène Giraud"
203,tt2567038,2015-11-22,2015-11-22,,The Frame,http://www.imdb.com/title/tt2567038/,movie,6.7,127,2014,"Crime, Drama, Fantasy, Romance, Thriller",2253,2014-10-17,Jamin Winans
204,tt1706414,2015-11-22,2015-11-22,,Kray,http://www.imdb.com/title/tt1706414/,movie,6.5,124,2010,"Adventure, Drama, History, Romance",2567,2010-09-09,Aleksey Uchitel
205,tt2039380,2015-11-23,2015-11-23,,Star Raiders: The Adventures of Saber Raine,http://www.imdb.com/title/tt2039380/,movie,3.0,83,2017,"Adventure, Sci-Fi",285,2017-05-08,Mark Steven Grove
206,tt0820111,2015-11-28,2015-11-28,,Meatball Machine,http://www.imdb.com/title/tt0820111/,movie,5.7,90,2005,"Action, Horror, Sci-Fi",1484,2005-10-14,"Yudai Yamaguchi, Jun'ichi Yamamoto"
207,tt1381512,2015-11-28,2015-11-28,,Robo-geisha,http://www.imdb.com/title/tt1381512/,movie,5.3,102,2009,"Action, Comedy, Sci-Fi",2074,2009-09-25,Noboru Iguchi
208,tt0389557,2015-11-29,2015-11-29,,Zwartboek,http://www.imdb.com/title/tt0389557/,movie,7.8,145,2006,"Drama, Thriller, War",64638,2006-09-01,Paul Verhoeven
209,tt3302820,2015-12-01,2015-12-01,,Cowspiracy: The Sustainability Secret,http://www.imdb.com/title/tt3302820/,movie,8.4,85,2014,Documentary,14652,2014-06-26,"Keegan Kuhn, Kip Andersen"
210,tt2652118,2015-12-09,2015-12-09,,"Crouching Tiger, Hidden Dragon: Sword of Destiny",http://www.imdb.com/title/tt2652118/,movie,6.1,96,2016,"Action, Adventure, Drama, Fantasy",13837,2016-02-18,Woo-Ping Yuen
211,tt3704050,2015-12-16,2015-12-16,,Remember,http://www.imdb.com/title/tt3704050/,movie,7.4,94,2015,"Drama, Thriller",15036,2015-09-10,Atom Egoyan
212,tt1255953,2015-12-20,2015-12-20,,Incendies,http://www.imdb.com/title/tt1255953/,movie,8.2,131,2010,"Drama, Mystery, War",101791,2010-09-03,Denis Villeneuve
213,tt1172963,2015-12-27,2015-12-27,,Etz Limon,http://www.imdb.com/title/tt1172963/,movie,7.4,106,2008,Drama,5695,2008-02-08,Eran Riklis
214,tt2336960,2015-12-27,2015-12-27,,Inch'Allah,http://www.imdb.com/title/tt2336960/,movie,6.9,102,2012,Drama,2191,2012-09-08,Anaïs Barbeau-Lavalette
215,tt0361670,2015-12-27,2015-12-27,,Le grand voyage,http://www.imdb.com/title/tt0361670/,movie,7.3,108,2004,"Drama, Romance",2053,2004-09-07,Ismaël Ferroukhi
216,tt0067116,2015-12-28,2015-12-28,,The French Connection,http://www.imdb.com/title/tt0067116/,movie,7.8,104,1971,"Action, Crime, Drama, Thriller",91205,1971-10-07,William Friedkin
217,tt2521668,2015-12-29,2015-12-29,,Les Revenants,http://www.imdb.com/title/tt2521668/,tvSeries,8.2,52,2012,"Drama, Fantasy, Horror, Mystery",17426,2012-11-26,
218,tt2436516,2015-12-29,2015-12-29,,Go Goa Gone,http://www.imdb.com/title/tt2436516/,movie,6.7,108,2013,"Action, Adventure, Comedy, Horror",10336,2013-05-10,"Raj Nidimoru, Krishna D.K."
219,tt3148502,2015-12-30,2015-12-30,,Tamasha,http://www.imdb.com/title/tt3148502/,movie,7.2,139,2015,"Comedy, Drama, Romance",16613,2015-11-26,Imtiaz Ali
220,tt3825638,2015-12-31,2015-12-31,,Im Labyrinth des Schweigens,http://www.imdb.com/title/tt3825638/,movie,7.3,124,2014,"Drama, History",9037,2014-09-06,Giulio Ricciarelli
221,tt4257858,2016-01-03,2016-01-03,,Going Clear: Scientology & the Prison of Belief,http://www.imdb.com/title/tt4257858/,movie,8.1,119,2015,Documentary,30492,2015-01-25,Alex Gibney
222,tt1729637,2016-01-03,2016-01-03,,Bodyguard,http://www.imdb.com/title/tt1729637/,movie,4.6,130,2011,"Action, Romance",18563,2011-08-30,Siddique
223,tt2714622,2016-01-03,2016-01-03,,Iddarammayilatho,http://www.imdb.com/title/tt2714622/,movie,5.6,137,2013,"Action, Thriller",1745,2013-05-30,Puri Jagannadh
224,tt0075931,2016-01-04,2016-01-04,,Demon Seed,http://www.imdb.com/title/tt0075931/,movie,6.3,94,1977,"Horror, Sci-Fi",6657,1977-04-08,Donald Cammell
225,tt0093185,2016-01-04,2016-01-04,,The Hidden,http://www.imdb.com/title/tt0093185/,movie,7.0,96,1987,"Action, Crime, Horror, Sci-Fi, Thriller",14215,1987-10-30,Jack Sholder
226,tt3401748,2016-01-04,2016-01-04,,Oddball,http://www.imdb.com/title/tt3401748/,movie,6.4,95,2015,"Adventure, Family",1820,2015-09-17,Stuart McDonald
227,tt4788638,2016-01-10,2016-01-10,,Po feng,http://www.imdb.com/title/tt4788638/,movie,6.3,125,2015,"Drama, Sport",711,2015-08-06,Dante Lam
228,tt4895910,2016-01-10,2016-01-10,,Idila,http://www.imdb.com/title/tt4895910/,movie,5.1,83,2015,"Action, Horror, Thriller",371,2015-07-01,Tomaz Gorkic
229,tt3696192,2016-01-10,2016-01-10,,Singh Is Bliing,http://www.imdb.com/title/tt3696192/,movie,5.4,141,2015,"Action, Comedy",6124,2015-10-01,Prabhudheva
230,tt2217859,2016-01-11,2016-01-11,,Louder Than Bombs,http://www.imdb.com/title/tt2217859/,movie,6.6,109,2015,Drama,9161,2015-05-18,Joachim Trier
231,tt3717068,2016-01-14,2016-01-14,,Court,http://www.imdb.com/title/tt3717068/,movie,7.7,116,2014,Drama,2533,2014-09-04,Chaitanya Tamhane
232,tt0404777,2016-01-17,2016-01-17,,Arahan jangpung daejakjeon,http://www.imdb.com/title/tt0404777/,movie,6.8,114,2004,"Action, Comedy",3320,2004-04-30,Seung-wan Ryoo
233,tt0428870,2016-01-17,2016-01-17,,Nae meorisokui jiwoogae,http://www.imdb.com/title/tt0428870/,movie,8.2,117,2004,"Drama, Romance",17864,2004-11-05,John H. Lee
234,tt0073582,2016-01-19,2016-01-19,,Profondo rosso,http://www.imdb.com/title/tt0073582/,movie,7.7,126,1975,"Horror, Mystery, Thriller",23797,1975-03-07,Dario Argento
235,tt2802154,2016-01-19,2016-01-19,,Leviafan,http://www.imdb.com/title/tt2802154/,movie,7.6,140,2014,"Crime, Drama",37886,2014-05-23,Andrey Zvyagintsev
236,tt2053425,2016-01-23,2016-01-23,,De rouille et d'os,http://www.imdb.com/title/tt2053425/,movie,7.5,120,2012,"Drama, Romance",54629,2012-05-17,Jacques Audiard
237,tt2800240,2016-01-23,2016-01-23,,Qu'est-ce qu'on a fait au Bon Dieu?,http://www.imdb.com/title/tt2800240/,movie,7.0,97,2014,Comedy,29390,2014-04-16,Philippe de Chauveron
238,tt0795441,2016-01-25,2016-01-25,,Oorlogswinter,http://www.imdb.com/title/tt0795441/,movie,7.0,103,2008,"Drama, History, War",10973,2008-11-17,Martin Koolhoven
239,tt2896036,2016-01-25,2016-01-25,,Vivir es fácil con los ojos cerrados,http://www.imdb.com/title/tt2896036/,movie,7.1,108,2013,"Comedy, Drama",4749,2013-09-23,David Trueba
240,tt2454430,2016-01-25,2016-01-25,,De toutes nos forces,http://www.imdb.com/title/tt2454430/,movie,6.6,86,2013,"Drama, Sport",800,2013-09-07,Nils Tavernier
241,tt1728620,2016-01-25,2016-01-25,,Die verlorene Zeit,http://www.imdb.com/title/tt1728620/,movie,7.2,105,2011,"Drama, Romance, War",1694,2011-10-25,Anna Justice
242,tt0318462,2016-01-25,2016-01-25,,Diarios de motocicleta,http://www.imdb.com/title/tt0318462/,movie,7.8,126,2004,"Adventure, Biography, Drama",88015,2004-01-15,Walter Salles
243,tt0112527,2016-01-25,2016-01-25,,Blood & Donuts,http://www.imdb.com/title/tt0112527/,movie,6.0,89,1995,"Comedy, Horror",988,1989-09-23,Holly Dale
244,tt4187590,2016-01-27,2016-01-27,,Batalon,http://www.imdb.com/title/tt4187590/,movie,6.6,120,2015,"Action, Drama, History, War",766,2015-02-20,Dmitriy Meskhiev
245,tt4958596,2016-01-27,2016-01-27,,Francesca,http://www.imdb.com/title/tt4958596/,movie,5.2,80,2015,"Crime, Horror, Thriller",239,2015-10-09,Luciano Onetti
246,tt1867091,2016-01-27,2016-01-27,,The Reconstruction of William Zero,http://www.imdb.com/title/tt1867091/,movie,5.4,98,2014,"Drama, Sci-Fi, Thriller",1018,2014-07-20,Dan Bush
247,tt5280642,2016-02-06,2016-02-06,,Martha & Niki,http://www.imdb.com/title/tt5280642/,movie,7.4,90,2016,Documentary,146,2016-01-22,Tora Mårtens
248,tt4538930,2016-02-14,2016-02-14,,Berserker,http://www.imdb.com/title/tt4538930/,movie,6.1,100,2015,"Crime, Mystery",119,2015-11-10,Pablo Hernando
249,tt3830998,2016-02-14,2016-02-14,,Lupin the IIIrd: Jigen Daisuke no Bohyo,http://www.imdb.com/title/tt3830998/,movie,7.2,51,2014,"Animation, Action, Crime",210,2014-06-21,Takeshi Koike
250,tt0371280,2016-02-19,2016-02-19,,Talaye sorkh,http://www.imdb.com/title/tt0371280/,movie,7.6,97,2003,"Drama, Thriller",3815,2003-05-24,Jafar Panahi
251,tt1754228,2016-02-19,2016-02-19,,Motivational Growth,http://www.imdb.com/title/tt1754228/,movie,5.8,104,2013,"Comedy, Drama, Fantasy, Horror",379,2013-11-09,Don Thacker
252,tt0177882,2016-02-24,2016-02-24,,Kebab Connection,http://www.imdb.com/title/tt0177882/,movie,6.7,96,2004,"Action, Comedy, Romance",4515,2004-10-01,Anno Saul
253,tt4428814,2016-02-24,2016-02-24,,La loi du marché,http://www.imdb.com/title/tt4428814/,movie,6.8,91,2015,Drama,4288,2015-05-18,Stéphane Brizé
254,tt2879552,2016-03-03,2016-03-03,,11.22.63,http://www.imdb.com/title/tt2879552/,tvMiniSeries,8.2,60,2016,"Drama, Mystery, Sci-Fi, Thriller",50820,2016-02-15,
255,tt0243017,2016-03-15,2016-03-15,,Waking Life,http://www.imdb.com/title/tt0243017/,movie,7.8,99,2001,"Animation, Drama, Fantasy",53705,2001-01-23,Richard Linklater
256,tt0292963,2016-03-15,2016-03-15,,Before the Devil Knows You're Dead,http://www.imdb.com/title/tt0292963/,movie,7.3,117,2007,"Crime, Drama, Thriller",86379,2007-09-07,Sidney Lumet
257,tt0101700,2016-03-15,2016-03-15,,Delicatessen,http://www.imdb.com/title/tt0101700/,movie,7.7,99,1991,"Comedy, Crime",71078,1991-04-17,"Marc Caro, Jean-Pierre Jeunet"
258,tt0076489,2016-03-15,2016-03-15,,"Oh, God!",http://www.imdb.com/title/tt0076489/,movie,6.6,98,1977,"Comedy, Fantasy",7519,1977-10-07,Carl Reiner
259,tt0185014,2016-03-15,2016-03-15,,Wonder Boys,http://www.imdb.com/title/tt0185014/,movie,7.4,107,2000,"Comedy, Drama",56858,2000-02-22,Curtis Hanson
260,tt0113799,2016-03-15,2016-03-15,,Memorîzu,http://www.imdb.com/title/tt0113799/,movie,7.6,113,1995,"Animation, Fantasy, Sci-Fi, Thriller",12774,1995-12-23,"Katsuhiro Ôtomo, Tensai Okamura, Kôji Morimoto"
261,tt2178470,2016-03-16,2016-03-16,,Yeh Jawaani Hai Deewani,http://www.imdb.com/title/tt2178470/,movie,7.0,160,2013,"Comedy, Drama, Musical, Romance",30336,2013-05-30,Ayan Mukherjee
262,tt0279064,2016-03-24,2016-03-24,,Elling,http://www.imdb.com/title/tt0279064/,movie,7.6,89,2001,"Comedy, Drama",12944,2001-03-16,Petter Næss
263,tt3170832,2016-03-25,2016-03-25,,Room,http://www.imdb.com/title/tt3170832/,movie,8.2,118,2015,Drama,252682,2015-09-04,Lenny Abrahamson
264,tt4209590,2016-03-27,2016-03-27,,We Are Monsters,http://www.imdb.com/title/tt4209590/,movie,3.3,78,2015,"Drama, Horror, Thriller",390,2015-05-02,"Sonny Laguna, Tommy Wiklund"
265,tt2396224,2016-04-09,2016-04-09,,It's Such a Beautiful Day,http://www.imdb.com/title/tt2396224/,movie,8.3,62,2012,"Animation, Comedy, Drama, Fantasy",7805,2012-08-24,
266,tt3218580,2016-04-15,2016-04-15,,Alléluia,http://www.imdb.com/title/tt3218580/,movie,6.2,93,2014,"Crime, Horror, Romance, Thriller",2006,2014-05-22,Fabrice du Welz
267,tt3802576,2016-04-24,2016-04-24,,Brothers,http://www.imdb.com/title/tt3802576/,movie,6.8,156,2015,"Action, Drama, Sport",9795,2015-08-13,Karan Malhotra
268,tt1571565,2016-04-28,2016-04-28,,Bay rong,http://www.imdb.com/title/tt1571565/,movie,6.0,90,2009,Action,940,2009-12-09,Thanh Son Le
269,tt5071886,2016-05-01,2016-05-01,,Kabali,http://www.imdb.com/title/tt5071886/,movie,6.5,153,2016,"Action, Crime, Thriller",8929,2016-07-21,Pa. Ranjith
270,tt0342492,2016-05-04,2016-05-04,,De grønne slagtere,http://www.imdb.com/title/tt0342492/,movie,7.3,100,2003,"Comedy, Drama",16322,2003-03-08,Anders Thomas Jensen
271,tt1230385,2016-05-05,2016-05-05,,Hwanghae,http://www.imdb.com/title/tt1230385/,movie,7.4,157,2010,"Action, Crime, Thriller",14090,2010-12-22,Hong-jin Na
272,tt5365064,2016-05-05,2016-05-05,,Ickerman,http://www.imdb.com/title/tt5365064/,movie,,,,"Adventure, Sci-Fi",,,"Savitri Joly-Gonfard, Raphaël Hernandez"
273,tt0102767,2016-05-13,2016-05-13,,The Refrigerator,http://www.imdb.com/title/tt0102767/,movie,4.2,86,1991,"Comedy, Fantasy, Horror",469,1991-06-01,Nicholas Jacobs
274,tt4467626,2016-05-29,2016-05-29,,Scare Campaign,http://www.imdb.com/title/tt4467626/,movie,5.9,80,2016,Horror,1785,2016-03-23,"Colin Cairnes, Cameron Cairnes"
275,tt3296658,2016-05-29,2016-05-29,,Hrútar,http://www.imdb.com/title/tt3296658/,movie,7.3,93,2015,Drama,9199,2015-05-28,Grímur Hákonarson
276,tt0936453,2016-06-25,2016-06-25,,House of Saddam,http://www.imdb.com/title/tt0936453/,tvMiniSeries,7.6,232,2008,"Biography, Drama, History, War",3162,2008-07-30,
277,tt0065234,2016-06-28,2016-06-28,,Z,http://www.imdb.com/title/tt0065234/,movie,8.2,127,1969,"Crime, Drama, History, Thriller",19550,1969-02-26,Costa-Gavras
278,tt0104691,2016-06-28,2016-06-28,,The Last of the Mohicans,http://www.imdb.com/title/tt0104691/,movie,7.8,112,1992,"Action, Adventure, Drama, Romance, War",124844,1992-08-26,Michael Mann
279,tt1361566,2016-06-28,2016-06-28,,Tsumiki no ie,http://www.imdb.com/title/tt1361566/,short,8.3,12,2008,"Animation, Short, Drama, Family",7839,2008-06-10,Kunio Kato
280,tt0118849,2016-06-28,2016-06-28,,Bacheha-Ye aseman,http://www.imdb.com/title/tt0118849/,movie,8.4,89,1997,"Drama, Family",39170,1997-02-01,Majid Majidi
281,tt0168629,2016-06-28,2016-06-28,,Dancer in the Dark,http://www.imdb.com/title/tt0168629/,movie,8.0,140,2000,"Crime, Drama, Musical",86442,2000-05-17,Lars von Trier
282,tt0032551,2016-06-28,2016-06-28,,The Grapes of Wrath,http://www.imdb.com/title/tt0032551/,movie,8.1,129,1940,"Drama, History",70800,1940-01-24,John Ford
283,tt0452039,2016-06-28,2016-06-28,,Mind Game,http://www.imdb.com/title/tt0452039/,movie,7.9,103,2004,"Animation, Adventure, Comedy, Fantasy",6462,2004-07-28,"Masaaki Yuasa, Kôji Morimoto"
284,tt0072684,2016-06-28,2016-06-28,,Barry Lyndon,http://www.imdb.com/title/tt0072684/,movie,8.1,185,1975,"Adventure, Drama, History, War",114982,1975-12-11,Stanley Kubrick
285,tt0117407,2016-07-01,2016-07-01,,Pusher,http://www.imdb.com/title/tt0117407/,movie,7.4,110,1996,"Crime, Thriller",29098,1996-08-30,Nicolas Winding Refn
286,tt0457655,2016-07-01,2016-07-01,,Efter brylluppet,http://www.imdb.com/title/tt0457655/,movie,7.8,120,2006,Drama,27903,2006-02-24,Susanne Bier
287,tt1434443,2016-07-01,2016-07-01,,R,http://www.imdb.com/title/tt1434443/,movie,7.1,99,2010,"Crime, Drama",3878,2010-01-01,"Michael Noer, Tobias Lindholm"
288,tt0315543,2016-07-01,2016-07-01,,Elsker dig for evigt,http://www.imdb.com/title/tt0315543/,movie,7.6,113,2002,"Drama, Romance",8527,2002-08-23,Susanne Bier
289,tt0386342,2016-07-01,2016-07-01,,Brødre,http://www.imdb.com/title/tt0386342/,movie,7.6,117,2004,"Drama, War",9992,2004-08-27,Susanne Bier
290,tt0418455,2016-07-01,2016-07-01,,Adams æbler,http://www.imdb.com/title/tt0418455/,movie,7.8,94,2005,"Comedy, Crime, Drama",39032,2005-04-15,Anders Thomas Jensen
291,tt1470024,2016-07-14,2016-07-14,,"Marti, dupã Crãciun",http://www.imdb.com/title/tt1470024/,movie,7.0,99,2010,"Drama, Romance",3763,2010-05-13,Radu Muntean
292,tt1287878,2016-07-14,2016-07-14,,Shi,http://www.imdb.com/title/tt1287878/,movie,7.8,139,2010,Drama,7524,2010-05-13,Chang-dong Lee
293,tt1832382,2016-07-14,2016-07-14,,Jodaeiye Nader az Simin,http://www.imdb.com/title/tt1832382/,movie,8.4,123,2011,"Drama, Mystery",173448,2011-02-01,Asghar Farhadi
294,tt1618447,2016-07-14,2016-07-14,,Un amour de jeunesse,http://www.imdb.com/title/tt1618447/,movie,6.6,110,2011,"Drama, Romance",3991,2011-07-04,Mia Hansen-Løve
295,tt2190367,2016-07-14,2016-07-14,,O Som ao Redor,http://www.imdb.com/title/tt2190367/,movie,7.1,131,2012,"Drama, Thriller",5107,2012-02-01,Kleber Mendonça Filho
296,tt1316540,2016-07-14,2016-07-14,,A torinói ló,http://www.imdb.com/title/tt1316540/,movie,7.8,155,2011,Drama,11888,2011-02-15,"Ágnes Hranitzky, Béla Tarr"
297,tt2153963,2016-07-14,2016-07-14,,Tabu,http://www.imdb.com/title/tt2153963/,movie,7.4,118,2012,"Drama, Romance",5536,2012-02-14,Miguel Gomes
298,tt2718492,2016-07-14,2016-07-14,,Ida,http://www.imdb.com/title/tt2718492/,movie,7.4,82,2013,Drama,40954,2013-08-30,Pawel Pawlikowski
299,tt4062208,2016-07-23,2016-07-23,,Une histoire de fou,http://www.imdb.com/title/tt4062208/,movie,6.8,134,2015,Drama,412,2015-05-20,Robert Guédiguian
300,tt1844633,2016-08-01,2016-08-01,,Blood Runs Cold,http://www.imdb.com/title/tt1844633/,movie,4.1,80,2011,Horror,1179,2011-10-03,Sonny Laguna
301,tt1974419,2016-08-05,2016-08-05,,The Neon Demon,http://www.imdb.com/title/tt1974419/,movie,6.2,118,2016,"Horror, Thriller",59722,2016-05-20,Nicolas Winding Refn
302,tt1745686,2016-08-05,2016-08-05,,Die Wand,http://www.imdb.com/title/tt1745686/,movie,6.8,108,2012,"Drama, Fantasy, Mystery",5082,2012-02-12,Julian Pölsler
303,tt2370248,2016-08-06,2016-08-06,,Short Term 12,http://www.imdb.com/title/tt2370248/,movie,8.0,96,2013,Drama,65707,2013-03-10,Destin Daniel Cretton
304,tt0047573,2016-08-06,2016-08-06,,Them!,http://www.imdb.com/title/tt0047573/,movie,7.3,94,1954,"Horror, Sci-Fi",16427,1954-06-15,Gordon Douglas
305,tt0080801,2016-08-06,2016-08-06,,The Gods Must Be Crazy,http://www.imdb.com/title/tt0080801/,movie,7.3,109,1980,Comedy,46421,1980-09-10,Jamie Uys
306,tt0058625,2016-08-07,2016-08-07,,Suna no onna,http://www.imdb.com/title/tt0058625/,movie,8.5,123,1964,"Drama, Thriller",13139,1964-02-15,Hiroshi Teshigahara
307,tt2543312,2016-09-09,2016-09-09,,Halt and Catch Fire,http://www.imdb.com/title/tt2543312/,tvSeries,8.3,60,2014,Drama,20968,2014-03-08,
308,tt1945228,2016-09-11,2016-09-11,,Voyage of Time: Life's Journey,http://www.imdb.com/title/tt1945228/,movie,6.5,90,2016,"Documentary, Drama",2278,2016-09-07,Terrence Malick
309,tt0857297,2016-09-13,2016-09-13,,N.H.K ni yôkoso!,http://www.imdb.com/title/tt0857297/,tvSeries,8.4,,2006,"Animation, Comedy, Drama, Romance",4033,2006-07-09,
310,tt0265343,2016-09-15,2016-09-15,,Monsoon Wedding,http://www.imdb.com/title/tt0265343/,movie,7.4,114,2001,"Comedy, Drama, Romance",21040,2001-08-31,Mira Nair
311,tt0408664,2016-09-15,2016-09-15,,Dare mo shiranai,http://www.imdb.com/title/tt0408664/,movie,8.1,141,2004,Drama,18964,2004-05-13,Hirokazu Koreeda
312,tt0074845,2016-09-17,2016-09-17,,Mako: The Jaws of Death,http://www.imdb.com/title/tt0074845/,movie,3.5,91,1976,"Fantasy, Horror, Sci-Fi, Thriller",464,1976-07-01,William Grefé
313,tt1753383,2016-09-18,2016-09-18,,A Dog's Purpose,http://www.imdb.com/title/tt1753383/,movie,6.9,100,2017,"Adventure, Comedy, Drama, Family, Fantasy",39113,2017-01-19,Lasse Hallström
314,tt0133742,2016-09-24,2016-09-24,,Esther,http://www.imdb.com/title/tt0133742/,movie,6.0,97,1986,Drama,55,1986-10-01,Amos Gitai
315,tt2196488,2016-09-27,2016-09-27,,Atlantic.,http://www.imdb.com/title/tt2196488/,movie,6.5,94,2014,Drama,447,2014-09-08,Jan-Willem van Ewijk
316,tt5111874,2016-09-30,2016-09-30,,My Scientology Movie,http://www.imdb.com/title/tt5111874/,movie,6.7,99,2015,Documentary,9113,2015-10-14,John Dower
317,tt4935446,2016-10-01,2016-10-01,,Heart of a Dog,http://www.imdb.com/title/tt4935446/,movie,7.1,75,2015,Documentary,1571,2015-09-04,Laurie Anderson
318,tt4577388,2016-10-04,2016-10-04,,Kothanodi,http://www.imdb.com/title/tt4577388/,movie,7.7,120,2015,Fantasy,97,2015-10-03,Bhaskar Hazarika
319,tt4975722,2016-10-13,2016-10-13,,Moonlight,http://www.imdb.com/title/tt4975722/,movie,7.5,111,2016,Drama,173518,2016-09-02,Barry Jenkins
320,tt3243772,2016-10-13,2016-10-13,,Violent,http://www.imdb.com/title/tt3243772/,movie,7.4,102,2014,Drama,195,2014-07-06,Andrew Huculiak
321,tt0059550,2016-10-20,2016-10-20,,Operatsiya 'Y' i drugie priklyucheniya Shurika,http://www.imdb.com/title/tt0059550/,movie,8.7,95,1965,"Comedy, Crime, Romance",9073,1965-07-23,Leonid Gayday
322,tt0062759,2016-10-20,2016-10-20,,Brilliantovaya ruka,http://www.imdb.com/title/tt0062759/,movie,8.5,100,1969,"Adventure, Comedy, Crime",10137,1969-04-28,Leonid Gayday
323,tt1827487,2016-10-21,2016-10-21,,Bir Zamanlar Anadolu'da,http://www.imdb.com/title/tt1827487/,movie,7.8,157,2011,"Crime, Drama",30219,2011-05-21,Nuri Bilge Ceylan
324,tt0050986,2016-10-21,2016-10-21,,Smultronstället,http://www.imdb.com/title/tt0050986/,movie,8.2,91,1957,"Drama, Romance",71670,1957-12-26,Ingmar Bergman
325,tt0065439,2016-10-21,2016-10-21,,L'aveu,http://www.imdb.com/title/tt0065439/,movie,8.0,139,1970,"Drama, History, Thriller",2771,1970-04-29,Costa-Gavras
326,tt0116922,2016-10-23,2016-10-23,,Lost Highway,http://www.imdb.com/title/tt0116922/,movie,7.6,134,1997,"Mystery, Thriller",109187,1997-01-15,David Lynch
327,tt5628012,2016-10-24,2016-10-24,,Jug-yeo-ju-neun Yeo-ja,http://www.imdb.com/title/tt5628012/,movie,7.3,110,2016,Drama,160,2016-02-12,Je-yong Lee
328,tt4273292,2016-10-26,2016-10-26,,Under the Shadow,http://www.imdb.com/title/tt4273292/,movie,7.0,84,2016,"Drama, Horror, Thriller, War",14032,2016-01-22,Babak Anvari
329,tt1620604,2016-10-26,2016-10-26,,Somos lo que hay,http://www.imdb.com/title/tt1620604/,movie,5.7,90,2010,"Drama, Horror",4096,2010-03-15,Jorge Michel Grau
330,tt4459912,2016-10-30,2016-10-30,,Luna de miel,http://www.imdb.com/title/tt4459912/,movie,4.8,96,2015,"Horror, Thriller",744,2015-04-15,Diego Cohen
331,tt4190530,2016-11-06,2016-11-06,,Anthropoid,http://www.imdb.com/title/tt4190530/,movie,7.2,120,2016,"Biography, History, Thriller, War",30901,2016-07-01,Sean Ellis
332,tt0116790,2016-11-08,2016-11-08,,Kolja,http://www.imdb.com/title/tt0116790/,movie,7.8,105,1996,"Comedy, Drama, Music",12947,1996-05-15,Jan Sverák
333,tt4591834,2016-11-08,2016-11-08,,Nobel,http://www.imdb.com/title/tt4591834/,tvSeries,8.2,360,2016,Thriller,3395,2016-09-25,
334,tt2675914,2016-11-10,2016-11-10,,Kraftidioten,http://www.imdb.com/title/tt2675914/,movie,7.2,116,2014,"Comedy, Crime, Thriller",15950,2014-02-10,Hans Petter Moland
335,tt0120787,2016-11-11,2016-11-11,,A Perfect Murder,http://www.imdb.com/title/tt0120787/,movie,6.5,107,1998,"Crime, Drama, Thriller",68888,1998-06-05,Andrew Davis
336,tt4716560,2016-11-11,2016-11-11,,The Swedish Theory of Love,http://www.imdb.com/title/tt4716560/,movie,6.6,90,2015,Documentary,898,2015-11-15,Erik Gandini
337,tt0048657,2016-11-12,2016-11-12,,Stella,http://www.imdb.com/title/tt0048657/,movie,8.1,90,1955,"Drama, Romance",1967,1955-04-04,Mihalis Kakogiannis
338,tt0040522,2016-11-12,2016-11-12,,Ladri di biciclette,http://www.imdb.com/title/tt0040522/,movie,8.3,89,1948,Drama,109130,1948-11-24,Vittorio De Sica
339,tt0095765,2016-11-12,2016-11-12,,Nuovo Cinema Paradiso,http://www.imdb.com/title/tt0095765/,movie,8.5,155,1988,Drama,175203,1988-09-29,Giuseppe Tornatore
340,tt1604900,2016-11-12,2016-11-12,,Báng-kah,http://www.imdb.com/title/tt1604900/,movie,6.9,140,2010,Drama,2165,2010-01-29,Doze Niu
341,tt4080386,2016-11-12,2016-11-12,,Sardaar Ji,http://www.imdb.com/title/tt4080386/,movie,6.5,141,2015,"Comedy, Fantasy, Horror, Romance",1001,2015-06-26,Rohit Jugraj
342,tt3640424,2016-11-12,2016-11-12,,Allied,http://www.imdb.com/title/tt3640424/,movie,7.1,124,2016,"Action, Drama, Romance, Thriller, War",102380,2016-11-13,Robert Zemeckis
343,tt0120241,2016-11-12,2016-11-12,,Suicide Kings,http://www.imdb.com/title/tt0120241/,movie,7.0,106,1997,"Comedy, Drama, Mystery, Thriller, Crime",23646,1997-09-06,Peter O'Fallon
344,tt4550098,2016-11-13,2016-11-13,,Nocturnal Animals,http://www.imdb.com/title/tt4550098/,movie,7.5,116,2016,"Crime, Drama, Romance, Thriller",163969,2016-09-02,Tom Ford
345,tt0130236,2016-11-13,2016-11-13,,Samurai Cop,http://www.imdb.com/title/tt0130236/,movie,4.7,96,1991,"Action, Crime, Thriller",4189,1991-11-30,Amir Shervan
346,tt0182060,2016-11-16,2016-11-16,,Dünyayi Kurtaran Adam,http://www.imdb.com/title/tt0182060/,movie,4.9,91,1982,"Action, Adventure, Sci-Fi",6310,1982-01-01,Çetin Inanç
347,tt5182856,2016-11-19,2016-11-19,,Fuchi ni tatsu,http://www.imdb.com/title/tt5182856/,movie,6.9,120,2016,Drama,1095,2016-05-14,Kôji Fukada
348,tt5979312,2016-11-19,2016-11-19,,7:19,http://www.imdb.com/title/tt5979312/,movie,6.0,94,2016,"Drama, History",341,2016-09-23,Jorge Michel Grau
349,tt5994872,2016-11-19,2016-11-19,,Another Time,http://www.imdb.com/title/tt5994872/,movie,6.5,72,2016,"Drama, Family",8,2016-09-28,Nahid Hassanzadeh
350,tt5974402,2016-11-19,2016-11-19,,The Road to Mandalay,http://www.imdb.com/title/tt5974402/,movie,7.0,108,2016,Drama,381,2016-09-05,Midi Z
351,tt4771896,2016-11-19,2016-11-19,,Tarde para la ira,http://www.imdb.com/title/tt4771896/,movie,6.8,92,2016,"Drama, Thriller",5068,2016-09-02,Raúl Arévalo
352,tt5599692,2016-11-19,2016-11-19,,Eshtebak,http://www.imdb.com/title/tt5599692/,movie,7.7,97,2016,"Drama, Thriller",2967,2016-05-12,Mohamed Diab
353,tt5221584,2016-11-19,2016-11-19,,Aquarius,http://www.imdb.com/title/tt5221584/,movie,7.6,146,2016,Drama,13156,2016-05-17,Kleber Mendonça Filho
354,tt3638644,2016-11-19,2016-11-19,,Seto Surya,http://www.imdb.com/title/tt3638644/,movie,7.2,89,2016,"Adventure, Drama",238,2016-09-06,Deepak Rauniyar
355,tt0375912,2016-11-21,2016-11-21,,Layer Cake,http://www.imdb.com/title/tt0375912/,movie,7.4,105,2004,"Crime, Drama, Thriller",143772,2004-10-01,Matthew Vaughn
356,tt1153053,2016-11-25,2016-11-25,,Today's Special,http://www.imdb.com/title/tt1153053/,movie,6.7,99,2009,Comedy,4956,2009-10-16,David Kaplan
357,tt5889462,2016-11-27,2016-11-27,,Guppy,http://www.imdb.com/title/tt5889462/,movie,8.1,158,2016,"Comedy, Drama, Family",1118,2016-08-05,Johnpaul George
358,tt2005151,2016-11-29,2016-11-29,,War Dogs,http://www.imdb.com/title/tt2005151/,movie,7.1,114,2016,"Comedy, Crime, Drama, War",129351,2016-08-03,Todd Phillips
359,tt0077396,2016-12-02,2016-12-02,,Dante - akta're för Hajen!,http://www.imdb.com/title/tt0077396/,movie,5.8,100,1978,"Comedy, Crime, Drama, Thriller",14,1978-08-26,Gunnar Höglund
360,tt3327994,2016-12-02,2016-12-02,,Human,http://www.imdb.com/title/tt3327994/,movie,8.7,190,2015,Documentary,4730,2015-09-12,Yann Arthus-Bertrand
361,tt1788391,2016-12-03,2016-12-03,,Kill List,http://www.imdb.com/title/tt1788391/,movie,6.4,95,2011,"Crime, Drama, Horror, Thriller",29696,2011-03-12,Ben Wheatley
362,tt5639388,2016-12-03,2016-12-03,,Raaz Reboot,http://www.imdb.com/title/tt5639388/,movie,4.5,128,2016,"Horror, Mystery, Romance, Thriller",1263,2016-09-16,Vikram Bhatt
363,tt2294473,2016-12-03,2016-12-03,,Aku no kyôten,http://www.imdb.com/title/tt2294473/,movie,6.7,129,2012,"Horror, Thriller",4102,2012-11-09,Takashi Miike
364,tt1485749,2016-12-03,2016-12-03,,Mr. Pip,http://www.imdb.com/title/tt1485749/,movie,7.2,116,2012,"Drama, War",3016,2012-09-09,Andrew Adamson
365,tt0435434,2016-12-06,2016-12-06,,Suwingu gâruzu,http://www.imdb.com/title/tt0435434/,movie,7.6,105,2004,"Drama, Comedy, Music",2839,2004-09-11,Shinobu Yaguchi
366,tt4375438,2016-12-09,2016-12-09,,El Club,http://www.imdb.com/title/tt4375438/,movie,7.2,98,2015,"Comedy, Drama, Mystery",6945,2015-02-09,Pablo Larraín
367,tt0091759,2016-12-13,2016-12-13,,Pisma myortvogo cheloveka,http://www.imdb.com/title/tt0091759/,movie,7.7,87,1986,"Drama, Sci-Fi",1913,1986-09-01,Konstantin Lopushanskiy
368,tt5328250,2016-12-14,2016-12-14,,Made in Mosjøen,http://www.imdb.com/title/tt5328250/,tvMiniSeries,8.4,,2015,"Fantasy, Mystery, Sci-Fi",11,2015-12-11,
369,tt0061101,2016-12-14,2016-12-14,,Tôkyô nagaremono,http://www.imdb.com/title/tt0061101/,movie,7.3,89,1966,"Action, Crime, Drama",5745,1966-04-10,Seijun Suzuki
370,tt0059319,2016-12-14,2016-12-14,,The Ipcress File,http://www.imdb.com/title/tt0059319/,movie,7.3,109,1965,Thriller,11353,1965-03-18,Sidney J. Furie
371,tt0037824,2016-12-14,2016-12-14,,Ivan Groznyy,http://www.imdb.com/title/tt0037824/,movie,7.6,103,1945,"Biography, Drama, History",7521,1945-01-20,Sergei M. Eisenstein
372,tt0091670,2016-12-14,2016-12-14,,Offret,http://www.imdb.com/title/tt0091670/,movie,8.1,149,1986,Drama,16984,1986-05-09,Andrei Tarkovsky
373,tt0340855,2016-12-16,2016-12-16,,Monster,http://www.imdb.com/title/tt0340855/,movie,7.3,109,2003,"Biography, Crime, Drama, Thriller",115802,2003-11-16,Patty Jenkins
374,tt1235548,2016-12-18,2016-12-18,,VIPs,http://www.imdb.com/title/tt1235548/,movie,6.6,95,2010,"Biography, Drama",2493,2010-09-25,Toniko Melo
375,tt0367975,2016-12-18,2016-12-18,,Lisbela e o Prisioneiro,http://www.imdb.com/title/tt0367975/,movie,7.5,106,2003,"Comedy, Romance",4281,2003-08-22,Guel Arraes
376,tt0490215,2016-12-25,2016-12-25,,Silence,http://www.imdb.com/title/tt0490215/,movie,7.2,161,2016,"Adventure, Drama, History",67723,2016-11-29,Martin Scorsese
377,tt4981996,2016-12-26,2016-12-26,,Ram Charan,http://www.imdb.com/title/tt4981996/,movie,7.2,,2015,Biography,15,2015-10-15,Sreenu Vaitla
378,tt2316411,2016-12-27,2016-12-27,,Enemy,http://www.imdb.com/title/tt2316411/,movie,6.9,91,2013,"Mystery, Thriller",122364,2013-09-08,Denis Villeneuve
379,tt0247586,2016-12-27,2016-12-27,,Nueve reinas,http://www.imdb.com/title/tt0247586/,movie,7.9,114,2000,"Crime, Drama, Thriller",42305,2000-08-31,Fabián Bielinsky
380,tt0161860,2016-12-27,2016-12-27,,Nirgendwo in Afrika,http://www.imdb.com/title/tt0161860/,movie,7.7,141,2001,"Biography, Drama",11260,2001-12-27,Caroline Link
381,tt4042994,2016-12-29,2016-12-29,,Sekai kara neko ga kietanara,http://www.imdb.com/title/tt4042994/,movie,7.1,103,2016,"Drama, Fantasy",1274,2016-05-14,Akira Nagai
382,tt6336356,2016-12-29,2016-12-29,,Meari to majo no hana,http://www.imdb.com/title/tt6336356/,movie,6.7,102,2017,"Animation, Adventure, Family, Fantasy",269,2017-07-08,Hiromasa Yonebayashi
383,tt3877674,2016-12-29,2016-12-29,,Mænd & høns,http://www.imdb.com/title/tt3877674/,movie,6.7,104,2015,"Comedy, Drama, Mystery, Sci-Fi",7622,2015-02-05,Anders Thomas Jensen
384,tt0077278,2016-12-30,2016-12-30,,Buck Rogers in the 25th Century,http://www.imdb.com/title/tt0077278/,movie,6.6,89,1979,"Action, Adventure, Sci-Fi",3800,1979-03-30,Daniel Haller
385,tt3666024,2016-12-31,2016-12-31,,La tortue rouge,http://www.imdb.com/title/tt3666024/,movie,7.6,80,2016,"Animation, Fantasy",17484,2016-05-18,Michael Dudok de Wit
386,tt4625196,2017-01-01,2017-01-01,,Ottaal,http://www.imdb.com/title/tt4625196/,movie,8.2,81,2014,Drama,279,2014-12-01,Jayaraaj
387,tt4849438,2017-01-01,2017-01-01,,Baahubali 2: The Conclusion,http://www.imdb.com/title/tt4849438/,movie,8.5,167,2017,"Action, Drama, Fantasy",52583,2017-04-27,S.S. Rajamouli
388,tt3305308,2017-01-04,2017-01-04,,Trespass Against Us,http://www.imdb.com/title/tt3305308/,movie,5.9,99,2016,"Action, Crime, Drama, Thriller",4948,2016-09-09,Adam Smith
389,tt4420704,2017-01-04,2017-01-04,,Kedi,http://www.imdb.com/title/tt4420704/,movie,7.7,79,2016,Documentary,6175,2016-02-21,Ceyda Torun
390,tt5231812,2017-01-04,2017-01-04,,Rester vertical,http://www.imdb.com/title/tt5231812/,movie,6.2,98,2016,"Comedy, Drama",1503,2016-05-12,Alain Guiraudie
391,tt4135844,2017-01-05,2017-01-05,,Ixcanul,http://www.imdb.com/title/tt4135844/,movie,7.2,93,2015,Drama,1912,2015-02-07,Jayro Bustamante
392,tt4285496,2017-01-05,2017-01-05,,El abrazo de la serpiente,http://www.imdb.com/title/tt4285496/,movie,7.9,125,2015,"Adventure, Drama",14218,2015-05-15,Ciro Guerra
393,tt3830162,2017-01-05,2017-01-05,,Krigen,http://www.imdb.com/title/tt3830162/,movie,7.1,115,2015,"Crime, Drama, War",7011,2015-09-05,Tobias Lindholm
394,tt3894344,2017-01-05,2017-01-05,,Sivas,http://www.imdb.com/title/tt3894344/,movie,7.4,97,2014,Drama,1493,2014-09-03,Kaan Müjdeci
395,tt6045752,2017-01-06,2017-01-06,,Maliglutit,http://www.imdb.com/title/tt6045752/,movie,6.7,94,2016,Drama,100,2016-09-12,"Natar Ungalaaq, Zacharias Kunuk"
396,tt4916744,2017-01-06,2017-01-06,,Karate Kill,http://www.imdb.com/title/tt4916744/,movie,5.3,89,2016,"Action, Horror",193,2016-07-22,Kurando Mitsutake
397,tt4708346,2017-01-06,2017-01-06,,Without Name,http://www.imdb.com/title/tt4708346/,movie,5.5,93,2016,"Drama, Horror, Mystery, Thriller",244,2016-09-12,Lorcan Finnegan
398,tt1127715,2017-01-06,2017-01-06,,Sin nombre,http://www.imdb.com/title/tt1127715/,movie,7.6,96,2009,"Adventure, Crime, Drama, Thriller",27869,2009-01-18,Cary Fukunaga
399,tt3741834,2017-01-06,2017-01-06,,Lion,http://www.imdb.com/title/tt3741834/,movie,8.1,118,2016,"Biography, Drama",145072,2016-09-10,Garth Davis
400,tt0087781,2017-01-07,2017-01-07,,The Natural,http://www.imdb.com/title/tt0087781/,movie,7.5,138,1984,"Drama, Sport",36927,1984-05-11,Barry Levinson
401,tt0084649,2017-01-17,2017-01-17,,The Secret of NIMH,http://www.imdb.com/title/tt0084649/,movie,7.6,82,1982,"Animation, Adventure, Drama, Family, Fantasy, Sci-Fi, Thriller",30312,1982-07-02,Don Bluth
402,tt0080339,2017-01-17,2017-01-17,,Airplane!,http://www.imdb.com/title/tt0080339/,movie,7.8,88,1980,Comedy,176492,1980-07-02,"Jim Abrahams, Jerry Zucker, David Zucker"
403,tt0094012,2017-01-17,2017-01-17,,Spaceballs,http://www.imdb.com/title/tt0094012/,movie,7.1,96,1987,"Adventure, Comedy, Sci-Fi",148591,1987-06-24,Mel Brooks
404,tt0109707,2017-01-17,2017-01-17,,Ed Wood,http://www.imdb.com/title/tt0109707/,movie,7.9,127,1994,"Biography, Comedy, Drama",150653,1994-09-23,Tim Burton
405,tt0362225,2017-01-20,2017-01-20,,Ne le dis à personne,http://www.imdb.com/title/tt0362225/,movie,7.5,131,2006,"Crime, Drama, Mystery, Romance, Thriller",42760,2006-10-30,Guillaume Canet
406,tt0101615,2017-01-20,2017-01-20,,Cool as Ice,http://www.imdb.com/title/tt0101615/,movie,2.8,91,1991,"Comedy, Music, Romance",8008,1991-10-18,David Kellogg
407,tt3598648,2017-01-21,2017-01-21,,3 Türken & ein Baby,http://www.imdb.com/title/tt3598648/,movie,5.4,95,2015,Comedy,758,2015-01-22,Sinan Akkus
408,tt1732651,2017-01-21,2017-01-21,,Ghost Shark 2: Urban Jaws,http://www.imdb.com/title/tt1732651/,movie,4.0,70,2015,"Drama, Horror, Sci-Fi, Thriller",81,2015-06-27,"Johnny Hall, Andrew Todd"
409,tt0074119,2017-01-23,2017-01-23,,All the President's Men,http://www.imdb.com/title/tt0074119/,movie,8.0,138,1976,"Biography, Drama, History, Thriller",82794,1976-04-04,Alan J. Pakula
410,tt0064505,2017-01-23,2017-01-23,,The Italian Job,http://www.imdb.com/title/tt0064505/,movie,7.4,99,1969,"Action, Comedy, Crime, Thriller",34020,1969-06-02,Peter Collinson
411,tt1187044,2017-01-24,2017-01-24,,La Nana,http://www.imdb.com/title/tt1187044/,movie,7.3,95,2009,"Comedy, Drama",5043,2009-01-17,Sebastián Silva
412,tt0316768,2017-01-25,2017-01-25,,Tiptoes,http://www.imdb.com/title/tt0316768/,movie,4.7,90,2003,"Comedy, Drama, Romance",3889,2003-09-08,Matthew Bright
413,tt0425321,2017-01-26,2017-01-26,,Omaret yakobean,http://www.imdb.com/title/tt0425321/,movie,7.5,161,2006,Drama,4945,2006-02-11,Marwan Hamed
414,tt0093206,2017-01-27,2017-01-27,,Hong gao liang,http://www.imdb.com/title/tt0093206/,movie,7.5,91,1988,"Drama, History, Romance, War",6377,1988-02-01,Yimou Zhang
415,tt5157456,2017-01-29,2017-01-29,,Viking,http://www.imdb.com/title/tt5157456/,movie,4.6,142,2016,"Action, Drama, History, War",2651,2016-12-29,Andrey Kravchuk
416,tt0211946,2017-01-30,2017-01-30,,Berlin Calling,http://www.imdb.com/title/tt0211946/,movie,7.3,100,2008,"Comedy, Drama, Music",11219,2008-08-08,Hannes Stöhr
417,tt4302938,2017-01-31,2017-01-31,,Kubo and the Two Strings,http://www.imdb.com/title/tt4302938/,movie,7.8,101,2016,"Animation, Adventure, Family, Fantasy",86662,2016-08-13,Travis Knight
418,tt5710514,2017-02-04,2017-02-04,,I Don't Feel at Home in This World Anymore.,http://www.imdb.com/title/tt5710514/,movie,7.0,93,2017,"Comedy, Crime, Drama, Thriller",22404,2017-01-19,Macon Blair
419,tt4287320,2017-02-11,2017-02-11,,The Circle,http://www.imdb.com/title/tt4287320/,movie,5.3,110,2017,"Drama, Sci-Fi, Thriller",51360,2017-04-26,James Ponsoldt
420,tt2949296,2017-02-21,2017-02-21,,I Am Your Father,http://www.imdb.com/title/tt2949296/,movie,6.6,83,2015,"Documentary, Biography",1376,2015-10-10,"Toni Bestard, Marcos Cabotá"
421,tt2763304,2017-02-21,2017-02-21,,T2 Trainspotting,http://www.imdb.com/title/tt2763304/,movie,7.3,117,2017,Drama,72048,2017-01-22,Danny Boyle
422,tt5280684,2017-02-23,2017-02-23,,The Ice Cream Truck,http://www.imdb.com/title/tt5280684/,movie,4.3,96,2017,"Comedy, Horror, Mystery, Thriller",438,2017-08-18,Megan Freels Johnston
423,tt0419677,2017-02-28,2017-02-28,,Dead Man's Shoes,http://www.imdb.com/title/tt0419677/,movie,7.7,90,2004,"Crime, Drama, Thriller",43093,2004-08-20,Shane Meadows
424,tt5226984,2017-03-01,2017-03-01,,Tom of Finland,http://www.imdb.com/title/tt5226984/,movie,7.1,115,2017,"Biography, Drama",1827,2017-01-27,Dome Karukoski
425,tt2611652,2017-03-01,2017-03-01,,Fúsi,http://www.imdb.com/title/tt2611652/,movie,7.5,94,2015,Drama,5232,2015-02-09,Dagur Kári
426,tt1163752,2017-03-02,2017-03-02,,"C'est pas moi, je le jure!",http://www.imdb.com/title/tt1163752/,movie,7.6,110,2008,"Comedy, Drama, Family",1850,2008-09-05,Philippe Falardeau
427,tt1261047,2017-03-02,2017-03-02,,Gulaal,http://www.imdb.com/title/tt1261047/,movie,8.1,140,2009,"Crime, Drama, Thriller",10960,2009-03-13,Anurag Kashyap
428,tt0092904,2017-03-02,2017-03-02,,Dogs in Space,http://www.imdb.com/title/tt0092904/,movie,6.6,103,1986,Drama,960,1986-12-18,Richard Lowenstein
429,tt5593008,2017-03-05,2017-03-05,,Nuts,http://www.imdb.com/title/tt5593008/,movie,6.7,104,2016,"Action, Comedy, Drama",70,2016-12-12,Henri Bargès
430,tt4135076,2017-03-05,2017-03-05,,Jätten,http://www.imdb.com/title/tt4135076/,movie,6.7,86,2016,"Drama, Sport",627,2016-09-09,Johannes Nyholm
431,tt4911940,2017-03-06,2017-03-06,,Tschick,http://www.imdb.com/title/tt4911940/,movie,7.1,93,2016,"Comedy, Drama, Family",4597,2016-09-15,Fatih Akin
432,tt3771536,2017-03-09,2017-03-09,,Shivaay,http://www.imdb.com/title/tt3771536/,movie,6.4,153,2016,"Action, Adventure, Drama, Thriller",8307,2016-10-27,Ajay Devgn
433,tt5225338,2017-03-13,2017-03-13,,The Eyes of My Mother,http://www.imdb.com/title/tt5225338/,movie,6.2,76,2016,"Drama, Horror",7575,2016-01-22,Nicolas Pesce
434,tt5287168,2017-03-31,2017-03-31,,Sameblod,http://www.imdb.com/title/tt5287168/,movie,7.5,110,2016,Drama,2126,2016-09-08,Amanda Kernell
435,tt2794596,2017-04-04,2017-04-04,,El-Cin,http://www.imdb.com/title/tt2794596/,movie,5.7,106,2013,"Drama, Fantasy, Horror",1930,2013-04-05,Hasan Karacadag
436,tt4177972,2017-04-05,2017-04-05,,Room Full of Spoons,http://www.imdb.com/title/tt4177972/,movie,7.9,113,2016,Documentary,57,2016-01-31,Rick Harper
437,tt6569546,2017-04-06,2017-04-06,,Vurdalaki,http://www.imdb.com/title/tt6569546/,movie,4.3,90,2017,"Action, Fantasy, Horror, Thriller",306,2017-02-22,Sergey Ginzburg
438,tt4731148,2017-04-06,2017-04-06,,Prityazhenie,http://www.imdb.com/title/tt4731148/,movie,5.4,117,2017,"Romance, Sci-Fi",4621,2017-01-26,Fedor Bondarchuk
439,tt2239822,2017-04-12,2017-04-12,,Valerian and the City of a Thousand Planets,http://www.imdb.com/title/tt2239822/,movie,6.6,137,2017,"Action, Adventure, Fantasy, Sci-Fi",86875,2017-07-17,Luc Besson
440,tt4106376,2017-04-12,2017-04-12,,Renegades,http://www.imdb.com/title/tt4106376/,movie,5.6,105,2017,"Action, Thriller",689,2017-09-01,Steven Quale
441,tt5278832,2017-04-16,2017-04-16,,Córki dancingu,http://www.imdb.com/title/tt5278832/,movie,6.4,92,2015,"Comedy, Drama, Horror, Musical",2834,2015-12-25,Agnieszka Smoczynska
442,tt5541240,2017-04-16,2017-04-16,,To the Bone,http://www.imdb.com/title/tt5541240/,movie,6.9,107,2017,Drama,22298,2017-01-22,Marti Noxon
443,tt4385888,2017-04-16,2017-04-16,,20th Century Women,http://www.imdb.com/title/tt4385888/,movie,7.4,119,2016,"Comedy, Drama",23296,2016-10-08,Mike Mills
444,tt0401997,2017-04-17,2017-04-17,,Breach,http://www.imdb.com/title/tt0401997/,movie,7.0,110,2007,"Biography, Crime, Drama, History, Thriller",54003,2007-02-16,Billy Ray
445,tt0107653,2017-04-17,2017-04-17,,Naked,http://www.imdb.com/title/tt0107653/,movie,7.9,132,1993,"Comedy, Drama",26957,1993-05-14,Mike Leigh
446,tt0091817,2017-04-17,2017-04-17,,Rad,http://www.imdb.com/title/tt0091817/,movie,7.2,91,1986,"Drama, Sport",4093,1986-03-21,Hal Needham
447,tt0088286,2017-04-17,2017-04-17,,Top Secret!,http://www.imdb.com/title/tt0088286/,movie,7.2,90,1984,Comedy,50434,1984-06-08,"Jim Abrahams, Jerry Zucker, David Zucker"
448,tt5195412,2017-04-19,2017-04-19,,Wakefield,http://www.imdb.com/title/tt5195412/,movie,6.4,106,2016,Drama,8503,2016-09-02,Robin Swicord
449,tt0489015,2017-04-26,2017-04-26,,Dangerous Men,http://www.imdb.com/title/tt0489015/,movie,4.8,80,2005,"Action, Adventure, Crime, Drama, Mystery",247,2005-09-23,Jahangir Salehi
450,tt2758950,2017-04-27,2017-04-27,,Helix,http://www.imdb.com/title/tt2758950/,tvSeries,6.8,40,2014,"Horror, Mystery, Sci-Fi, Thriller",25704,2014-01-10,
451,tt2847438,2017-04-29,2017-04-29,,Der Bunker,http://www.imdb.com/title/tt2847438/,movie,6.2,85,2015,"Comedy, Drama, Horror",1136,2015-02-07,Nikias Chryssos
452,tt6163356,2017-04-30,2017-04-30,,Michael Moore in TrumpLand,http://www.imdb.com/title/tt6163356/,movie,5.9,73,2016,Documentary,2881,2016-10-18,Michael Moore
453,tt6399158,2017-04-30,2017-04-30,,Fabricated City,http://www.imdb.com/title/tt6399158/,movie,7.0,126,2017,"Action, Thriller",1613,2017-02-09,Kwang-Hyun Park
454,tt5685006,2017-05-08,2017-05-08,,Puppet Master: The Littlest Reich,http://www.imdb.com/title/tt5685006/,movie,,,2018,Horror,,2018-01-01,"Sonny Laguna, Tommy Wiklund"
455,tt2402927,2017-05-09,2017-05-09,,Carol,http://www.imdb.com/title/tt2402927/,movie,7.2,118,2015,"Drama, Romance",84921,2015-05-17,Todd Haynes
456,tt2328813,2017-05-09,2017-05-09,,Trudno byt bogom,http://www.imdb.com/title/tt2328813/,movie,6.7,177,2013,"Drama, Sci-Fi",3386,2013-11-13,Aleksey German
457,tt1745787,2017-05-09,2017-05-09,,Plemya,http://www.imdb.com/title/tt1745787/,movie,7.1,126,2014,"Crime, Drama",8291,2014-05-21,Myroslav Slaboshpytskyi
458,tt0103186,2017-05-14,2017-05-14,,Vacas,http://www.imdb.com/title/tt0103186/,movie,7.2,96,1992,"Drama, Mystery, Romance, War",3016,1992-02-26,Julio Medem
459,tt3839880,2017-05-16,2017-05-16,,Infinity Chamber,http://www.imdb.com/title/tt3839880/,movie,6.1,103,2016,"Sci-Fi, Thriller",2405,2016-05-01,Travis Milloy
460,tt0093560,2017-05-16,2017-05-16,,The Monster Squad,http://www.imdb.com/title/tt0093560/,movie,7.1,79,1987,"Action, Comedy, Fantasy, Horror",21989,1987-08-14,Fred Dekker
461,tt3521126,2017-05-16,2017-05-16,,The Disaster Artist,http://www.imdb.com/title/tt3521126/,movie,8.1,104,2017,"Biography, Comedy, Drama",17933,2017-09-11,James Franco
462,tt0065436,2017-05-16,2017-05-16,,Auch Zwerge haben klein angefangen,http://www.imdb.com/title/tt0065436/,movie,7.1,96,1970,"Comedy, Drama",4618,1970-05-01,Werner Herzog
463,tt0096446,2017-05-19,2017-05-19,,Willow,http://www.imdb.com/title/tt0096446/,movie,7.3,126,1988,"Action, Adventure, Drama, Fantasy, Romance",87051,1988-05-20,Ron Howard
464,tt5114356,2017-05-20,2017-05-20,,Legion,http://www.imdb.com/title/tt5114356/,tvSeries,8.5,60,2017,"Action, Drama, Sci-Fi, Thriller",52229,2017-01-26,
465,tt6777338,2017-05-21,2017-05-21,,Ak-Nyeo,http://www.imdb.com/title/tt6777338/,movie,6.7,129,2017,"Action, Crime, Drama",3640,2017-05-21,Byung-gil Jung
466,tt5909128,2017-05-23,2017-05-23,,Molot,http://www.imdb.com/title/tt5909128/,movie,4.7,111,2016,Drama,164,2016-11-03,Nurbek Egen
467,tt5207204,2017-05-23,2017-05-23,,Dvadtsat vosem panfilovtsev,http://www.imdb.com/title/tt5207204/,movie,7.0,105,2016,"Action, Drama, History, War",2916,2016-11-02,"Andrey Shalopa, Kim Druzhinin"
468,tt0409904,2017-05-28,2017-05-28,,Dnevnoy dozor,http://www.imdb.com/title/tt0409904/,movie,6.5,132,2006,"Action, Fantasy, Thriller",31098,2006-01-01,Timur Bekmambetov
469,tt0100234,2017-05-29,2017-05-29,,Nema-ye Nazdik,http://www.imdb.com/title/tt0100234/,movie,8.3,98,1990,"Biography, Crime, Drama",10605,1990-02-01,Abbas Kiarostami
470,tt1020773,2017-05-29,2017-05-29,,Copie conforme,http://www.imdb.com/title/tt1020773/,movie,7.3,106,2010,Drama,16550,2010-05-18,Abbas Kiarostami
471,tt0063794,2017-05-30,2017-05-30,,Voyna i mir,http://www.imdb.com/title/tt0063794/,movie,7.9,427,1966,"Drama, History, Romance, War",5100,1966-03-12,Sergey Bondarchuk
472,tt5886510,2017-05-31,2017-05-31,,Tour de Pharmacy,http://www.imdb.com/title/tt5886510/,tvMovie,7.1,39,2017,"Comedy, Sport",5685,2017-07-08,Jake Szymanski
473,tt3335606,2017-06-02,2017-06-02,,Berlin Syndrome,http://www.imdb.com/title/tt3335606/,movie,6.3,116,2017,"Drama, Horror, Mystery, Thriller",12178,2017-01-20,Cate Shortland
474,tt4935372,2017-06-02,2017-06-02,,The Devil's Candy,http://www.imdb.com/title/tt4935372/,movie,6.5,79,2015,Horror,9112,2015-09-13,Sean Byrne
475,tt6360332,2017-06-10,2017-06-10,,Is Genesis History?,http://www.imdb.com/title/tt6360332/,movie,3.9,100,2017,Documentary,1041,2017-02-23,Thomas Purifoy
476,tt0099978,2017-06-13,2017-06-13,,Laser Mission,http://www.imdb.com/title/tt0099978/,movie,3.5,84,1989,"Action, Adventure, Thriller",1647,1989-11-01,BJ Davis
477,tt5165936,2017-06-15,2017-06-15,,Daemonium: Underground Soldier,http://www.imdb.com/title/tt5165936/,movie,4.3,120,2015,"Action, Fantasy, Sci-Fi",414,2015-11-05,Pablo Parés
478,tt6574146,2017-06-15,2017-06-15,,Blame!,http://www.imdb.com/title/tt6574146/,movie,6.7,106,2017,"Animation, Action, Drama, Sci-Fi, Thriller",3576,2017-05-20,Hiroyuki Seshita
479,tt5923962,2017-06-15,2017-06-15,,Gantz: O,http://www.imdb.com/title/tt5923962/,movie,7.2,95,2016,"Animation, Drama, Fantasy, Horror, Sci-Fi, Thriller",5653,2016-09-08,"Yasushi Kawamura, Keiichi Saitô"
480,tt0066434,2017-06-27,2017-06-27,,THX 1138,http://www.imdb.com/title/tt0066434/,movie,6.8,86,1971,"Drama, Sci-Fi, Thriller",42229,1971-03-11,George Lucas
481,tt0072443,2017-07-02,2017-07-02,,Zerkalo,http://www.imdb.com/title/tt0072443/,movie,8.2,107,1975,"Biography, Drama",26739,1975-03-07,Andrei Tarkovsky
482,tt0412535,2017-07-07,2017-07-07,,Brice de Nice,http://www.imdb.com/title/tt0412535/,movie,5.0,98,2005,Comedy,5467,2005-03-30,James Huth
483,tt2943178,2017-07-09,2017-07-09,,Heidiland,http://www.imdb.com/title/tt2943178/,movie,,,,"Action, Adventure, Comedy",,,Johannes Hartmann
484,tt2076850,2017-07-14,2017-07-14,,Flukt,http://www.imdb.com/title/tt2076850/,movie,6.1,78,2012,"Action, History, Thriller",3451,2012-09-20,Roar Uthaug
485,tt5973364,2017-07-15,2017-07-15,,Lemon,http://www.imdb.com/title/tt5973364/,movie,4.6,83,2017,"Comedy, Drama",821,2017-01-22,Janicza Bravo
486,tt2378507,2017-07-15,2017-07-15,,The Glass Castle,http://www.imdb.com/title/tt2378507/,movie,7.2,127,2017,"Biography, Drama",10197,2017-08-11,Destin Daniel Cretton
487,tt0055910,2017-07-18,2017-07-18,,Les dimanches de Ville d'Avray,http://www.imdb.com/title/tt0055910/,movie,7.9,110,1962,Drama,2284,1962-11-12,Serge Bourguignon
488,tt5580390,2017-07-19,2017-07-19,,The Shape of Water,http://www.imdb.com/title/tt5580390/,movie,8.2,123,2017,"Adventure, Drama, Fantasy, Horror, Romance, Thriller",9919,2017-08-31,Guillermo del Toro
489,tt4881364,2017-07-19,2017-07-19,,Anti Matter,http://www.imdb.com/title/tt4881364/,movie,6.1,109,2016,"Mystery, Sci-Fi",3574,2016-09-23,Keir Burrows
490,tt0060107,2017-07-22,2017-07-22,,Andrey Rublev,http://www.imdb.com/title/tt0060107/,movie,8.3,205,1966,"Biography, Drama, History",29193,1966-12-01,Andrei Tarkovsky
491,tt0059113,2017-07-31,2017-07-31,,Doctor Zhivago,http://www.imdb.com/title/tt0059113/,movie,8.0,197,1965,"Drama, Romance, War",60142,1965-12-22,David Lean
492,tt0410730,2017-08-07,2017-08-07,,Taxidermia,http://www.imdb.com/title/tt0410730/,movie,7.0,91,2006,"Comedy, Drama, Horror",14308,2006-02-03,György Pálfi
493,tt3671480,2017-08-07,2017-08-07,,Szabadesés,http://www.imdb.com/title/tt3671480/,movie,6.7,80,2014,"Comedy, Drama",896,2014-05-03,György Pálfi
494,tt1216520,2017-08-07,2017-08-07,,Womb,http://www.imdb.com/title/tt1216520/,movie,6.4,111,2010,"Drama, Romance, Sci-Fi",11476,2010-07-15,Benedek Fliegauf
495,tt0118906,2017-08-07,2017-08-07,,Csinibaba,http://www.imdb.com/title/tt0118906/,movie,7.5,100,1997,"Comedy, Musical",1578,1997-02-20,Péter Tímár
496,tt0364058,2017-08-07,2017-08-07,,Tesó,http://www.imdb.com/title/tt0364058/,movie,7.1,84,2003,Comedy,380,2003-02-02,Zsombor Dyga
497,tt0237993,2017-08-07,2017-08-07,,101 Reykjavík,http://www.imdb.com/title/tt0237993/,movie,6.9,88,2000,"Comedy, Romance",8663,2000-06-01,Baltasar Kormákur
498,tt1129428,2017-08-07,2017-08-07,,Mum & Dad,http://www.imdb.com/title/tt1129428/,movie,5.9,84,2008,"Horror, Thriller",5115,2008-08-22,Steven Sheil
499,tt0112887,2017-08-07,2017-08-07,,The Doom Generation,http://www.imdb.com/title/tt0112887/,movie,6.0,83,1995,"Action, Comedy, Crime, Drama, Thriller",12243,1995-01-26,Gregg Araki
500,tt2238050,2017-08-07,2017-08-07,,White Bird in a Blizzard,http://www.imdb.com/title/tt2238050/,movie,6.4,91,2014,"Drama, Mystery, Thriller",23603,2014-01-20,Gregg Araki
501,tt0370986,2017-08-07,2017-08-07,,Mysterious Skin,http://www.imdb.com/title/tt0370986/,movie,7.7,105,2004,"Drama, Mystery",60190,2004-09-03,Gregg Araki
502,tt1523483,2017-08-07,2017-08-07,,Kaboom,http://www.imdb.com/title/tt1523483/,movie,5.7,86,2010,"Comedy, Mystery, Romance, Sci-Fi, Thriller",11204,2010-05-15,Gregg Araki
503,tt0119809,2017-08-07,2017-08-07,,Nowhere,http://www.imdb.com/title/tt0119809/,movie,6.4,82,1997,"Comedy, Drama, Sci-Fi",7181,1997-05-09,Gregg Araki
504,tt0113540,2017-08-07,2017-08-07,,Kids,http://www.imdb.com/title/tt0113540/,movie,7.0,91,1995,Drama,63753,1995-01-01,Larry Clark
505,tt0209077,2017-08-07,2017-08-07,,Ken Park,http://www.imdb.com/title/tt0209077/,movie,5.9,93,2002,Drama,26403,2002-08-31,"Larry Clark, Edward Lachman"
506,tt0286244,2017-08-07,2017-08-07,,Les triplettes de Belleville,http://www.imdb.com/title/tt0286244/,movie,7.8,78,2003,"Animation, Comedy, Drama",45330,2003-05-18,Sylvain Chomet
507,tt0060666,2017-08-07,2017-08-07,,Manos: The Hands of Fate,http://www.imdb.com/title/tt0060666/,movie,1.9,70,1966,Horror,32301,1966-11-15,Harold P. Warren
508,tt0920458,2017-08-07,2017-08-07,,Flammen & Citronen,http://www.imdb.com/title/tt0920458/,movie,7.3,130,2008,"Action, Drama, History, Romance, Thriller, War",15499,2008-03-28,Ole Christian Madsen
509,tt6298780,2017-08-07,2017-08-07,,Sharknado 5: Global Swarming,http://www.imdb.com/title/tt6298780/,tvMovie,4.2,93,2017,"Comedy, Horror, Sci-Fi",2367,2017-08-06,Anthony C. Ferrante
510,tt0161081,2017-08-10,2017-08-10,,What Lies Beneath,http://www.imdb.com/title/tt0161081/,movie,6.6,130,2000,"Drama, Fantasy, Horror, Mystery, Thriller",104446,2000-07-18,Robert Zemeckis
511,tt4771704,2017-08-11,2017-08-11,,Gesu no ai,http://www.imdb.com/title/tt4771704/,movie,6.5,110,2015,"Drama, Romance",268,2015-10-24,Eiji Uchida
512,tt0077247,2017-08-14,2017-08-14,,The Incredible Torture Show,http://www.imdb.com/title/tt0077247/,movie,4.8,84,1976,"Comedy, Horror",4400,1976-11-03,Joel M. Reed
513,tt1682180,2017-08-14,2017-08-14,,Stoker,http://www.imdb.com/title/tt1682180/,movie,6.8,99,2013,"Drama, Thriller",91975,2013-01-20,Chan-wook Park
514,tt0063374,2017-08-16,2017-08-16,,The Odd Couple,http://www.imdb.com/title/tt0063374/,movie,7.7,105,1968,Comedy,27055,1968-05-02,Gene Saks
515,tt0070130,2017-08-17,2017-08-17,,La grande bouffe,http://www.imdb.com/title/tt0070130/,movie,7.2,130,1973,"Comedy, Drama",9737,1973-05-21,Marco Ferreri
516,tt2534634,2017-08-17,2017-08-17,,Miekkailija,http://www.imdb.com/title/tt2534634/,movie,7.2,99,2015,"Drama, History, Sport",3413,2015-03-13,Klaus Härö
517,tt3170902,2017-08-17,2017-08-17,,Theeb,http://www.imdb.com/title/tt3170902/,movie,7.2,100,2014,"Adventure, Drama, Thriller",7900,2014-09-04,Naji Abu Nowar
518,tt4411504,2017-08-17,2017-08-17,,El Clan,http://www.imdb.com/title/tt4411504/,movie,7.0,108,2015,"Biography, Crime, Drama, Thriller",9442,2015-08-13,Pablo Trapero
519,tt3966404,2017-08-17,2017-08-17,,Mustang,http://www.imdb.com/title/tt3966404/,movie,7.6,97,2015,Drama,26139,2015-05-19,Deniz Gamze Ergüven
520,tt1167611,2017-08-17,2017-08-17,,Non essere cattivo,http://www.imdb.com/title/tt1167611/,movie,7.2,100,2015,"Crime, Drama",2352,2015-09-07,Claudio Caligari
521,tt1244668,2017-08-17,2017-08-17,,Soul Kitchen,http://www.imdb.com/title/tt1244668/,movie,7.3,99,2009,"Comedy, Drama",31606,2009-09-10,Fatih Akin
522,tt0499537,2017-08-17,2017-08-17,,Offside,http://www.imdb.com/title/tt0499537/,movie,7.3,93,2006,"Comedy, Drama, Sport",6385,2006-02-01,Jafar Panahi
523,tt0191043,2017-08-17,2017-08-17,,Rang-e khoda,http://www.imdb.com/title/tt0191043/,movie,8.2,90,1999,"Drama, Family",12677,1999-02-08,Majid Majidi
524,tt0441909,2017-08-17,2017-08-17,,Volver,http://www.imdb.com/title/tt0441909/,movie,7.6,121,2006,"Comedy, Crime, Drama, Mystery",82889,2006-03-10,Pedro Almodóvar
525,tt1764141,2017-08-17,2017-08-17,,678,http://www.imdb.com/title/tt1764141/,movie,7.5,100,2010,Drama,3340,2010-12-12,Mohamed Diab
526,tt1364478,2017-08-17,2017-08-17,,Casanegra,http://www.imdb.com/title/tt1364478/,movie,6.9,131,2008,Drama,523,2008-12-12,Nour Eddine Lakhmari
527,tt0109185,2017-08-17,2017-08-17,,Bab El Oued City,http://www.imdb.com/title/tt0109185/,movie,6.4,93,1994,"Comedy, Drama",160,1994-11-10,Merzak Allouache
528,tt1547638,2017-08-17,2017-08-17,,Les barons,http://www.imdb.com/title/tt1547638/,movie,6.7,111,2009,Comedy,853,2009-10-02,Nabil Ben Yadir
529,tt0312687,2017-08-17,2017-08-17,,La fille de Keltoum,http://www.imdb.com/title/tt0312687/,movie,7.2,106,2001,Drama,248,2001-09-13,Mehdi Charef
530,tt0825236,2017-08-17,2017-08-17,,Sukkar banat,http://www.imdb.com/title/tt0825236/,movie,7.2,95,2007,"Comedy, Drama, Romance",10560,2007-05-20,Nadine Labaki
531,tt1068649,2017-08-17,2017-08-17,,Il y a longtemps que je t'aime,http://www.imdb.com/title/tt1068649/,movie,7.6,117,2008,Drama,18484,2008-02-14,Philippe Claudel
532,tt2024519,2017-08-17,2017-08-17,,The Broken Circle Breakdown,http://www.imdb.com/title/tt2024519/,movie,7.8,111,2012,"Drama, Music, Romance",33562,2012-10-10,Felix van Groeningen
533,tt0986264,2017-08-17,2017-08-17,,Taare Zameen Par,http://www.imdb.com/title/tt0986264/,movie,8.5,165,2007,"Drama, Family",113883,2007-12-21,"Aamir Khan, Amole Gupte"
534,tt0390221,2017-08-17,2017-08-17,,Maria Full of Grace,http://www.imdb.com/title/tt0390221/,movie,7.5,101,2004,"Crime, Drama",31747,2004-01-18,Joshua Marston
535,tt1064932,2017-08-17,2017-08-17,,Bienvenue chez les Ch'tis,http://www.imdb.com/title/tt1064932/,movie,7.1,106,2008,"Comedy, Romance",33752,2008-01-17,Dany Boon
536,tt1821593,2017-08-17,2017-08-17,,Rundskop,http://www.imdb.com/title/tt1821593/,movie,7.4,129,2011,"Crime, Drama",19376,2011-02-02,Michaël R. Roskam
537,tt0388505,2017-08-17,2017-08-17,,"Va, vis et deviens",http://www.imdb.com/title/tt0388505/,movie,7.9,140,2005,Drama,5316,2005-02-11,Radu Mihaileanu
538,tt0424227,2017-08-25,2017-08-25,,Lakposhtha parvaz mikonand,http://www.imdb.com/title/tt0424227/,movie,8.1,98,2004,"Drama, War",14948,2004-09-10,Bahman Ghobadi
539,tt4995790,2017-08-26,2017-08-26,,The Square,http://www.imdb.com/title/tt4995790/,movie,7.7,142,2017,"Comedy, Drama",11334,2017-05-20,Ruben Östlund
540,tt5074352,2017-08-26,2017-08-26,,Dangal,http://www.imdb.com/title/tt5074352/,movie,8.6,161,2016,"Action, Biography, Drama, Sport",79069,2016-12-21,Nitesh Tiwari
541,tt1055300,2017-08-31,2017-08-31,,Hua pi,http://www.imdb.com/title/tt1055300/,movie,6.4,103,2008,"Action, Drama, Fantasy, Thriller",3782,2008-09-25,"Gordon Chan, Andy Wing-Keung Chin, Danny Ko"
542,tt5742374,2017-09-08,2017-09-08,,You Were Never Really Here,http://www.imdb.com/title/tt5742374/,movie,7.4,85,2017,"Drama, Mystery, Thriller",2180,2017-05-27,Lynne Ramsay
543,tt5901326,2017-09-10,2017-09-10,,Ice Sharks,http://www.imdb.com/title/tt5901326/,tvMovie,3.2,85,2016,"Action, Adventure, Horror, Sci-Fi",594,2016-07-26,Emile Edwin Smith
544,tt2016894,2017-09-13,2017-09-13,,Ek Tha Tiger,http://www.imdb.com/title/tt2016894/,movie,5.4,132,2012,"Action, Adventure, Romance",23733,2012-08-15,Kabir Khan
545,tt5308322,2017-09-16,2017-09-16,,Happy Death Day,http://www.imdb.com/title/tt5308322/,movie,6.5,96,2017,"Horror, Mystery, Thriller",27560,2017-10-07,Christopher Landon
546,tt0422091,2017-09-16,2017-09-16,,Dhoom,http://www.imdb.com/title/tt0422091/,movie,6.7,129,2004,"Action, Crime, Thriller",15098,2004-08-27,Sanjay Gadhvi
547,tt0441048,2017-09-16,2017-09-16,,Dhoom:2,http://www.imdb.com/title/tt0441048/,movie,6.4,152,2006,"Action, Crime, Thriller",19559,2006-11-23,Sanjay Gadhvi
548,tt1833673,2017-09-16,2017-09-16,,Dhoom:3,http://www.imdb.com/title/tt1833673/,movie,5.4,172,2013,"Action, Adventure, Thriller",37385,2013-12-19,Vijay Krishna Acharya
549,tt3410408,2017-09-16,2017-09-16,,Rocky Handsome,http://www.imdb.com/title/tt3410408/,movie,6.8,119,2016,"Action, Crime, Thriller",5545,2016-03-25,Nishikant Kamat
550,tt0097108,2017-09-28,2017-09-28,,"The Cook, the Thief, His Wife & Her Lover",http://www.imdb.com/title/tt0097108/,movie,7.6,124,1989,"Crime, Drama",29293,1989-09-04,Peter Greenaway
551,tt5636668,2017-09-28,2017-09-28,,Ji yi da shi,http://www.imdb.com/title/tt5636668/,movie,6.6,119,2017,"Mystery, Thriller",491,2017-04-28,Leste Chen
552,tt3748172,2017-10-01,2017-10-01,,Gerald's Game,http://www.imdb.com/title/tt3748172/,movie,6.7,103,2017,"Drama, Horror, Thriller",32437,2017-09-24,Mike Flanagan
553,tt0997147,2017-10-01,2017-10-01,,Dai-Nihonjin,http://www.imdb.com/title/tt0997147/,movie,6.4,113,2007,"Action, Comedy, Sci-Fi",2903,2007-05-19,Hitoshi Matsumoto
554,tt1167638,2017-10-11,2017-10-11,,L'immortel,http://www.imdb.com/title/tt1167638/,movie,6.7,117,2010,"Action, Crime, Thriller",28011,2010-03-24,Richard Berry
555,tt0407621,2017-10-16,2017-10-16,,Calvaire,http://www.imdb.com/title/tt0407621/,movie,6.2,88,2004,Horror,10210,2004-05-18,Fabrice du Welz
556,tt5935704,2017-10-22,2017-10-22,,Padmavati,http://www.imdb.com/title/tt5935704/,movie,,164,,"Action, Drama, History, Romance",,,Sanjay Leela Bhansali
557,tt0055032,2017-10-30,2017-10-30,,Jules et Jim,http://www.imdb.com/title/tt0055032/,movie,7.9,105,1962,"Drama, Romance",30517,1962-01-23,François Truffaut
558,tt0330702,2017-10-31,2017-10-31,,Non ti muovere,http://www.imdb.com/title/tt0330702/,movie,7.1,125,2004,"Drama, Romance",7012,2004-03-08,Sergio Castellitto
559,tt0047528,2017-10-31,2017-10-31,,La strada,http://www.imdb.com/title/tt0047528/,movie,8.1,108,1954,Drama,49835,1954-09-06,Federico Fellini
560,tt0053198,2017-10-31,2017-10-31,,Les quatre cents coups,http://www.imdb.com/title/tt0053198/,movie,8.1,99,1959,"Crime, Drama",79936,1959-05-04,François Truffaut
561,tt0285441,2017-10-31,2017-10-31,,Atanarjuat,http://www.imdb.com/title/tt0285441/,movie,7.5,172,2001,Drama,5808,2001-05-13,Zacharias Kunuk
562,tt2674426,2017-11-01,2017-11-01,,Me Before You,http://www.imdb.com/title/tt2674426/,movie,7.4,106,2016,"Drama, Romance",134903,2016-05-23,Thea Sharrock
563,tt5136874,2017-11-09,2017-11-09,,Mind Cage,http://www.imdb.com/title/tt5136874/,movie,,83,2016,Thriller,,2016-01-01,Amit Dubey
564,tt0147612,2017-11-29,2017-11-29,,Happiness,http://www.imdb.com/title/tt0147612/,movie,7.8,134,1998,"Comedy, Drama",59159,1998-05-15,Todd Solondz
565,tt0090163,2017-11-29,2017-11-29,,Threads,http://www.imdb.com/title/tt0090163/,tvMovie,8.1,112,1984,"Drama, Sci-Fi, War",8157,1984-09-23,Mick Jackson
566,tt0085809,2017-12-02,2017-12-02,,Koyaanisqatsi,http://www.imdb.com/title/tt0085809/,movie,8.3,86,1982,"Documentary, Music",29368,1982-04-27,Godfrey Reggio
567,tt4084744,2017-12-10,2017-12-10,,Bitva za Sevastopol,http://www.imdb.com/title/tt4084744/,movie,7.2,110,2015,"Biography, Drama, Romance, War",6452,2015-04-02,Sergey Mokritskiy
568,tt4906960,2017-12-19,2017-12-19,,Baadshaho,http://www.imdb.com/title/tt4906960/,movie,5.1,136,2017,"Action, Adventure, Thriller",2836,2017-08-31,Milan Luthria
569,tt2261227,2017-12-24,2017-12-24,,Altered Carbon,http://www.imdb.com/title/tt2261227/,tvSeries,,60,2018,Sci-Fi,,2018-02-02,
570,tt6484982,2017-12-27,2017-12-27,,Newton,http://www.imdb.com/title/tt6484982/,movie,8.0,106,2017,Drama,5291,2017-02-10,Amit Masurkar
571,tt6878038,2017-12-27,2017-12-27,,Taeksi Woonjunsa,http://www.imdb.com/title/tt6878038/,movie,7.9,137,2017,"Action, Drama, History",2893,2017-08-02,Hun Jang
572,tt5027774,2017-12-27,2017-12-27,,"Three Billboards Outside Ebbing, Missouri",http://www.imdb.com/title/tt5027774/,movie,8.4,115,2017,"Comedy, Crime, Drama",16556,2017-09-04,Martin McDonagh
